,sid,tangram nr,item,step,x,y,rot,grid_val
0,85931,1,big triangle,1,-100.0,40.0,0.0,9.0
1,85931,1,square,2,-137.0,5.0,0.0,5.0
2,85931,1,small triangle,3,-66.0,3.0,135.0,6.0
3,85931,1,small triangle,4,-66.0,4.0,315.0,6.0
4,85931,1,big triangle,5,-95.0,-36.0,225.0,5.0
5,85931,1,square,6,4.0,-68.0,0.0,2.0
6,85931,1,small triangle,7,-102.0,-23.0,315.0,5.0
7,85931,1,big triangle,8,-103.0,-33.0,225.0,5.0
8,85931,1,small triangle,9,109.0,4.0,45.0,7.0
9,85931,1,small triangle,10,171.0,33.0,135.0,-1.0
10,85931,1,middle triangle,11,75.0,15.0,45.0,11.0
11,85931,1,square,12,-65.0,2.0,0.0,6.0
12,85931,1,parallelogram,13,46.0,-69.0,45.0,3.0
13,85931,1,middle triangle,14,-29.0,-34.0,180.0,6.0
14,85931,1,small triangle,15,-137.0,2.0,45.0,5.0
16,85931,2,big triangle,1,-101.0,41.0,0.0,6.0
17,85931,2,big triangle,2,-168.0,9.0,225.0,5.0
18,85931,2,big triangle,3,27.0,94.0,45.0,-1.0
19,85931,2,big triangle,4,-99.0,41.0,0.0,6.0
20,85931,2,parallelogram,5,-205.0,75.0,45.0,9.0
21,85931,2,big triangle,6,-141.0,-61.0,0.0,2.0
22,85931,2,middle triangle,7,-193.0,-11.0,315.0,1.0
23,85931,2,square,8,-166.0,150.0,0.0,13.0
24,85931,2,small triangle,9,-87.0,38.0,180.0,6.0
25,85931,2,small triangle,10,-39.0,-13.0,270.0,3.0
26,85931,2,small triangle,11,-89.0,38.0,180.0,6.0
27,85931,2,small triangle,12,-39.0,-13.0,270.0,3.0
28,85931,3,big triangle,1,-236.0,9.0,135.0,8.0
29,85931,3,big triangle,2,-59.0,-61.0,0.0,6.0
30,85931,3,parallelogram,3,-120.0,-98.0,45.0,2.0
31,85931,3,square,4,-109.0,37.0,45.0,10.0
32,85931,3,small triangle,5,-162.0,89.0,90.0,13.0
33,85931,3,small triangle,6,-160.0,-10.0,90.0,5.0
34,85931,3,square,7,-111.0,40.0,45.0,10.0
35,85931,3,middle triangle,8,-195.0,-64.0,180.0,5.0
36,85931,3,parallelogram,9,-124.0,-100.0,45.0,2.0
37,85931,4,parallelogram,1,-194.0,90.0,90.0,9.0
38,85931,4,small triangle,2,-65.0,243.0,0.0,15.0
39,85931,4,square,3,-65.0,208.0,0.0,15.0
40,85931,4,small triangle,4,-142.0,-152.0,135.0,1.0
41,85931,4,big triangle,5,-60.0,70.0,270.0,11.0
42,85931,4,big triangle,6,-78.0,-47.0,135.0,6.0
43,85931,4,big triangle,7,-62.0,69.0,270.0,11.0
44,85931,4,big triangle,8,-18.0,-6.0,90.0,7.0
45,85931,4,big triangle,9,-130.0,101.0,135.0,10.0
46,85931,4,big triangle,10,-71.0,-34.0,315.0,6.0
47,85931,4,big triangle,11,52.0,87.0,135.0,-1.0
48,85931,4,parallelogram,12,-363.0,56.0,90.0,-1.0
49,85931,4,big triangle,13,-131.0,46.0,45.0,6.0
50,85931,4,big triangle,14,-180.0,-91.0,90.0,1.0
51,85931,4,big triangle,15,-138.0,41.0,45.0,6.0
57,92356,1,big triangle,1,-98.0,43.0,0.0,9.0
58,92356,1,square,2,-136.0,3.0,0.0,5.0
59,92356,1,middle triangle,3,1.0,-53.0,225.0,6.0
60,92356,1,square,4,70.0,35.0,0.0,11.0
61,92356,1,middle triangle,5,-173.0,-31.0,90.0,4.0
62,92356,1,small triangle,6,-208.0,-69.0,45.0,0.0
63,92356,1,big triangle,7,18.0,-84.0,270.0,2.0
64,92356,1,middle triangle,8,249.0,10.0,90.0,-1.0
65,92356,1,big triangle,9,-103.0,-31.0,315.0,5.0
66,92356,1,parallelogram,10,44.0,-68.0,45.0,3.0
67,92356,1,square,11,102.0,11.0,0.0,11.0
68,92356,1,parallelogram,12,211.0,-97.0,45.0,-1.0
69,92356,1,square,13,11.0,-69.0,0.0,2.0
70,92356,1,small triangle,14,79.0,-69.0,315.0,3.0
71,92356,1,middle triangle,15,-75.0,-56.0,135.0,1.0
150,92356,2,square,1,-167.0,148.0,0.0,13.0
151,92356,2,small triangle,2,-222.0,41.0,0.0,4.0
152,92356,2,middle triangle,3,-189.0,-10.0,225.0,5.0
153,92356,2,big triangle,4,-103.0,42.0,0.0,6.0
154,92356,2,small triangle,5,70.0,82.0,0.0,-1.0
155,92356,2,parallelogram,6,-204.0,76.0,45.0,9.0
156,92356,2,big triangle,7,-136.0,39.0,180.0,6.0
157,92356,2,small triangle,8,-74.0,2.0,135.0,7.0
158,92356,2,small triangle,9,58.0,-30.0,135.0,-1.0
159,92356,2,small triangle,10,36.0,13.0,135.0,-1.0
160,92356,2,big triangle,11,107.0,122.0,180.0,-1.0
161,92356,2,square,12,-29.0,163.0,0.0,15.0
162,92356,2,small triangle,13,-166.0,147.0,135.0,13.0
163,92356,2,small triangle,14,-169.0,148.0,315.0,13.0
164,92356,2,big triangle,15,-140.0,38.0,180.0,6.0
187,92356,3,big triangle,1,-33.0,9.0,225.0,11.0
188,92356,3,big triangle,2,-234.0,10.0,135.0,8.0
189,92356,3,middle triangle,3,50.0,101.0,90.0,15.0
190,92356,3,parallelogram,4,181.0,-100.0,90.0,-1.0
191,92356,3,square,5,-159.0,-100.0,0.0,1.0
192,92356,3,small triangle,6,-231.0,-99.0,45.0,0.0
193,92356,3,small triangle,7,-89.0,-102.0,315.0,2.0
194,92356,3,big triangle,8,-91.0,72.0,225.0,14.0
195,92356,3,parallelogram,9,200.0,-75.0,90.0,-1.0
196,92356,3,big triangle,10,97.0,-8.0,135.0,-1.0
197,92356,3,big triangle,11,-260.0,158.0,225.0,-1.0
198,92356,3,parallelogram,12,-36.0,-35.0,90.0,6.0
199,92356,3,big triangle,13,-91.0,71.0,225.0,14.0
200,92356,3,parallelogram,14,225.0,11.0,90.0,-1.0
201,92356,3,middle triangle,15,-215.0,34.0,135.0,9.0
272,92356,4,big triangle,1,-62.0,71.0,270.0,11.0
273,92356,4,parallelogram,2,-145.0,-19.0,135.0,5.0
274,92356,4,big triangle,3,47.0,72.0,270.0,-1.0
275,92356,4,parallelogram,4,-141.0,90.0,90.0,9.0
276,92356,4,big triangle,5,-2.0,-21.0,180.0,7.0
277,92356,4,small triangle,6,-67.0,247.0,0.0,15.0
278,92356,4,square,7,-67.0,205.0,0.0,15.0
279,92356,4,small triangle,8,-141.0,-150.0,135.0,1.0
280,92356,4,big triangle,9,-93.0,-42.0,225.0,6.0
281,92356,4,parallelogram,10,134.0,6.0,90.0,-1.0
282,92356,4,big triangle,11,-61.0,71.0,270.0,11.0
283,92356,4,big triangle,12,-137.0,-53.0,45.0,6.0
284,92356,4,big triangle,13,49.0,51.0,270.0,-1.0
285,92356,4,big triangle,14,-89.0,-42.0,225.0,6.0
286,92356,4,parallelogram,15,-97.0,99.0,45.0,10.0
311,92836,1,parallelogram,1,-73.0,64.0,90.0,9.0
312,92836,1,small triangle,2,-98.0,90.0,0.0,13.0
313,92836,1,small triangle,3,-148.0,41.0,0.0,9.0
314,92836,1,middle triangle,4,170.0,-140.0,135.0,-1.0
315,92836,1,big triangle,5,-102.0,-35.0,225.0,5.0
316,92836,1,big triangle,6,-98.0,-33.0,45.0,5.0
317,92836,1,square,7,13.0,-67.0,0.0,2.0
318,92836,1,small triangle,8,89.0,-66.0,315.0,3.0
319,92836,1,small triangle,9,-209.0,-70.0,45.0,0.0
320,92836,1,parallelogram,10,190.0,-11.0,90.0,-1.0
321,92836,1,middle triangle,11,-150.0,86.0,135.0,13.0
322,92836,1,parallelogram,12,-79.0,65.0,90.0,9.0
323,92836,1,middle triangle,13,-99.0,70.0,0.0,9.0
324,92836,1,parallelogram,14,120.0,104.0,90.0,16.0
325,92836,1,big triangle,15,-98.0,-18.0,45.0,5.0
377,92836,2,square,1,-19.0,217.0,0.0,-1.0
378,92836,2,big triangle,2,-102.0,41.0,0.0,6.0
379,92836,2,square,3,-166.0,151.0,0.0,13.0
380,92836,2,small triangle,4,-236.0,75.0,135.0,8.0
381,92836,2,small triangle,5,-165.0,71.0,315.0,9.0
382,92836,2,big triangle,6,-139.0,38.0,180.0,6.0
383,92836,2,middle triangle,7,-87.0,-13.0,135.0,2.0
384,92836,2,small triangle,8,-307.0,-73.0,225.0,-1.0
385,92836,2,parallelogram,9,-271.0,53.0,45.0,4.0
386,92836,2,small triangle,10,-218.0,-65.0,315.0,0.0
387,92836,2,parallelogram,11,-207.0,77.0,45.0,9.0
388,92836,2,small triangle,12,-192.0,-155.0,225.0,-1.0
389,92836,2,small triangle,13,124.0,-21.0,225.0,-1.0
390,92836,2,middle triangle,14,-148.0,89.0,135.0,10.0
391,92836,2,big triangle,15,-119.0,-18.0,0.0,2.0
456,92836,3,big triangle,1,-88.0,65.0,225.0,10.0
457,92836,3,parallelogram,2,-35.0,-31.0,90.0,7.0
458,92836,3,square,3,-160.0,-97.0,0.0,1.0
459,92836,3,middle triangle,4,138.0,-203.0,225.0,-1.0
460,92836,3,big triangle,5,-233.0,8.0,135.0,8.0
461,92836,3,small triangle,6,-91.0,-101.0,315.0,2.0
462,92836,3,small triangle,7,-234.0,-98.0,45.0,0.0
463,92836,3,middle triangle,8,228.0,-3.0,225.0,-1.0
464,92836,3,big triangle,9,-14.0,3.0,225.0,11.0
465,92836,3,parallelogram,10,-123.0,63.0,135.0,10.0
466,92836,3,big triangle,11,-34.0,11.0,225.0,11.0
467,92836,3,parallelogram,12,-132.0,59.0,0.0,9.0
468,92836,3,middle triangle,13,278.0,22.0,225.0,-1.0
469,92836,3,big triangle,14,-236.0,2.0,135.0,8.0
470,92836,3,middle triangle,15,61.0,-183.0,225.0,-1.0
519,92836,4,square,1,-68.0,206.0,0.0,15.0
520,92836,4,small triangle,2,-63.0,248.0,0.0,15.0
521,92836,4,parallelogram,3,-187.0,88.0,90.0,9.0
522,92836,4,big triangle,4,-129.0,99.0,135.0,10.0
523,92836,4,big triangle,5,-130.0,-40.0,45.0,6.0
524,92836,4,middle triangle,6,-115.0,-66.0,225.0,6.0
525,92836,4,small triangle,7,-142.0,-152.0,135.0,1.0
526,93250,1,big triangle,1,-100.0,41.0,0.0,9.0
527,93250,1,big triangle,2,-101.0,-31.0,315.0,5.0
528,93250,1,small triangle,3,-207.0,-69.0,45.0,0.0
529,93250,1,parallelogram,4,44.0,-68.0,45.0,3.0
530,93250,1,square,5,55.0,16.0,45.0,11.0
531,93250,1,big triangle,6,-69.0,-101.0,0.0,2.0
532,93250,1,parallelogram,7,115.0,-104.0,45.0,3.0
533,93250,1,big triangle,8,-289.0,-3.0,0.0,-1.0
534,93250,1,square,9,-100.0,90.0,45.0,13.0
535,93250,1,small triangle,10,-49.0,39.0,0.0,10.0
536,93250,1,big triangle,11,-103.0,-32.0,45.0,5.0
537,93250,1,middle triangle,12,43.0,-35.0,180.0,7.0
538,93250,1,parallelogram,13,-133.0,-71.0,135.0,1.0
539,93250,1,small triangle,14,-161.0,35.0,45.0,9.0
540,93250,1,parallelogram,15,-173.0,-68.0,135.0,0.0
557,93250,2,big triangle,1,-102.0,41.0,0.0,6.0
558,93250,2,square,2,-168.0,147.0,0.0,13.0
559,93250,2,parallelogram,3,-191.0,70.0,90.0,9.0
560,93250,2,big triangle,4,-139.0,38.0,180.0,6.0
561,93250,2,middle triangle,5,-190.0,-11.0,225.0,1.0
562,93250,2,small triangle,6,-39.0,-14.0,270.0,3.0
563,93250,2,small triangle,7,-88.0,-63.0,0.0,2.0
564,93250,3,parallelogram,1,-123.0,-100.0,45.0,2.0
565,93250,3,middle triangle,2,-195.0,-65.0,180.0,5.0
566,93250,3,big triangle,3,-234.0,10.0,135.0,8.0
567,93250,3,big triangle,4,-61.0,-61.0,0.0,6.0
568,93250,3,square,5,-112.0,41.0,45.0,10.0
569,93250,3,small triangle,6,-162.0,91.0,90.0,13.0
570,93250,3,small triangle,7,-162.0,-11.0,90.0,5.0
571,93250,4,small triangle,1,-65.0,244.0,0.0,15.0
572,93250,4,parallelogram,2,-194.0,89.0,90.0,9.0
573,93250,4,small triangle,3,-140.0,-152.0,135.0,2.0
574,93250,4,big triangle,4,-132.0,99.0,135.0,10.0
575,93250,4,square,5,-65.0,207.0,0.0,15.0
576,93250,4,big triangle,6,-131.0,-42.0,45.0,6.0
577,93250,4,middle triangle,7,-114.0,-63.0,225.0,6.0
578,100006,1,middle triangle,1,-49.0,86.0,225.0,14.0
579,100006,1,parallelogram,2,216.0,-84.0,90.0,-1.0
580,100006,1,middle triangle,3,88.0,19.0,45.0,11.0
581,100006,1,big triangle,4,-98.0,41.0,0.0,9.0
582,100006,1,middle triangle,5,-172.0,-34.0,180.0,4.0
583,100006,1,square,6,-138.0,4.0,0.0,5.0
584,100006,1,small triangle,7,-137.0,-3.0,90.0,5.0
585,100006,1,square,8,177.0,27.0,45.0,-1.0
586,100006,1,small triangle,9,-137.0,2.0,135.0,5.0
587,100006,1,small triangle,10,-138.0,3.0,315.0,5.0
588,100006,1,square,11,-64.0,4.0,0.0,6.0
589,100006,1,big triangle,12,-102.0,-33.0,135.0,5.0
590,100006,1,parallelogram,13,152.0,33.0,90.0,-1.0
591,100006,1,square,14,7.0,-69.0,0.0,2.0
592,100006,1,small triangle,15,79.0,-69.0,315.0,3.0
597,100006,2,big triangle,1,-102.0,41.0,0.0,6.0
598,100006,2,parallelogram,2,-204.0,75.0,45.0,9.0
599,100006,2,square,3,-165.0,146.0,0.0,13.0
600,100006,2,middle triangle,4,-188.0,-9.0,225.0,5.0
601,100006,2,big triangle,5,-171.0,66.0,135.0,9.0
602,100006,2,big triangle,6,38.0,90.0,0.0,-1.0
603,100006,2,middle triangle,7,-156.0,-131.0,225.0,-1.0
604,100006,2,big triangle,8,-100.0,39.0,0.0,6.0
605,100006,2,big triangle,9,-140.0,-61.0,0.0,2.0
606,100006,2,middle triangle,10,-190.0,-10.0,315.0,5.0
607,100006,2,small triangle,11,-88.0,38.0,180.0,6.0
608,100006,2,small triangle,12,-38.0,-12.0,270.0,3.0
609,100006,3,big triangle,1,-234.0,9.0,135.0,8.0
610,100006,3,big triangle,2,-92.0,70.0,225.0,14.0
611,100006,3,middle triangle,3,64.0,-107.0,225.0,-1.0
612,100006,3,parallelogram,4,85.0,113.0,90.0,-1.0
613,100006,3,small triangle,5,-14.0,76.0,225.0,15.0
614,100006,3,big triangle,6,-298.0,175.0,225.0,-1.0
615,100006,3,middle triangle,7,-112.0,89.0,225.0,14.0
616,100006,3,small triangle,8,28.0,121.0,225.0,15.0
617,100006,3,middle triangle,9,86.0,160.0,225.0,-1.0
618,100006,3,big triangle,10,-31.0,10.0,225.0,11.0
619,100006,3,small triangle,11,-44.0,168.0,225.0,-1.0
620,100006,3,parallelogram,12,90.0,81.0,135.0,-1.0
621,100006,3,big triangle,13,-182.0,-72.0,45.0,1.0
622,100006,3,big triangle,14,-286.0,117.0,180.0,12.0
623,100006,3,big triangle,15,-161.0,39.0,90.0,9.0
637,100006,4,small triangle,1,-64.0,244.0,0.0,15.0
638,100006,4,square,2,-65.0,206.0,0.0,15.0
639,100006,4,big triangle,3,-61.0,70.0,270.0,11.0
640,100006,4,parallelogram,4,-191.0,92.0,90.0,9.0
641,100006,4,small triangle,5,-139.0,-151.0,135.0,2.0
642,100006,4,middle triangle,6,-113.0,-63.0,225.0,6.0
643,100006,4,big triangle,7,68.0,68.0,270.0,-1.0
644,100006,4,big triangle,8,-130.0,101.0,135.0,10.0
645,100006,4,big triangle,9,-131.0,-44.0,45.0,6.0
646,100444,1,big triangle,1,-101.0,41.0,0.0,9.0
647,100444,1,big triangle,2,4.0,-53.0,270.0,6.0
648,100444,1,big triangle,3,72.0,170.0,0.0,-1.0
649,100444,1,big triangle,4,-102.0,-35.0,225.0,5.0
650,100444,1,small triangle,5,-209.0,-69.0,45.0,0.0
651,100444,1,big triangle,6,-101.0,-33.0,45.0,5.0
652,100444,1,middle triangle,7,-149.0,90.0,135.0,13.0
653,100444,1,parallelogram,8,43.0,-68.0,45.0,3.0
654,100444,1,square,9,20.0,-55.0,45.0,6.0
655,100444,1,parallelogram,10,193.0,-86.0,45.0,-1.0
656,100444,1,square,11,5.0,-68.0,0.0,2.0
657,100444,1,small triangle,12,128.0,4.0,315.0,-1.0
658,100444,1,square,13,7.0,-68.0,0.0,2.0
659,100444,1,middle triangle,14,0.0,-125.0,135.0,-1.0
660,100444,1,parallelogram,15,-75.0,64.0,90.0,9.0
725,100444,2,square,1,-140.0,-153.0,45.0,-1.0
726,100444,2,middle triangle,2,50.0,-79.0,225.0,-1.0
727,100444,2,big triangle,3,-100.0,40.0,0.0,6.0
728,100444,2,parallelogram,4,-202.0,76.0,45.0,9.0
729,100444,2,square,5,-167.0,147.0,0.0,13.0
730,100444,2,big triangle,6,-139.0,39.0,180.0,6.0
731,100444,2,middle triangle,7,-189.0,-11.0,225.0,1.0
732,100444,2,small triangle,8,-86.0,-61.0,0.0,2.0
733,100444,2,small triangle,9,-36.0,-11.0,270.0,3.0
734,100444,3,big triangle,1,-235.0,11.0,135.0,8.0
735,100444,3,big triangle,2,-62.0,-59.0,0.0,6.0
736,100444,3,big triangle,3,-236.0,9.0,135.0,8.0
737,100444,3,parallelogram,4,-136.0,16.0,0.0,9.0
738,100444,3,square,5,-158.0,-99.0,0.0,1.0
739,100444,3,small triangle,6,-229.0,-100.0,45.0,0.0
740,100444,3,small triangle,7,-86.0,-100.0,315.0,2.0
741,100444,3,parallelogram,8,-28.0,-179.0,0.0,-1.0
742,100444,3,middle triangle,9,-164.0,9.0,90.0,9.0
743,100444,3,parallelogram,10,-128.0,74.0,135.0,14.0
744,100444,3,middle triangle,11,-64.0,-148.0,90.0,-1.0
745,100444,3,parallelogram,12,75.0,-78.0,135.0,-1.0
746,100444,3,big triangle,13,-83.0,-61.0,180.0,6.0
747,100444,3,middle triangle,14,241.0,-125.0,90.0,-1.0
748,100444,3,big triangle,15,-81.0,-60.0,180.0,6.0
782,100444,4,big triangle,1,-62.0,71.0,270.0,11.0
783,100444,4,big triangle,2,-162.0,-27.0,90.0,5.0
784,100444,4,big triangle,3,-60.0,73.0,270.0,11.0
785,100444,4,big triangle,4,-94.0,-91.0,90.0,2.0
786,100444,4,big triangle,5,43.0,8.0,270.0,-1.0
787,100444,4,big triangle,6,-60.0,71.0,270.0,11.0
788,100444,4,big triangle,7,-161.0,-20.0,90.0,5.0
789,100444,4,square,8,-66.0,208.0,0.0,15.0
790,100444,4,small triangle,9,247.0,-121.0,0.0,-1.0
791,100444,4,middle triangle,10,-89.0,-104.0,225.0,2.0
792,100444,4,parallelogram,11,-191.0,90.0,90.0,9.0
793,100444,4,middle triangle,12,24.0,-123.0,135.0,-1.0
794,100444,4,big triangle,13,-315.0,-33.0,90.0,-1.0
795,100444,4,big triangle,14,33.0,28.0,270.0,-1.0
796,100444,4,parallelogram,15,-322.0,-161.0,90.0,-1.0
805,100523,1,big triangle,1,249.0,125.0,180.0,-1.0
806,100523,1,parallelogram,2,263.0,-169.0,90.0,-1.0
807,100523,1,big triangle,3,-101.0,37.0,0.0,9.0
808,100523,1,big triangle,4,-102.0,-31.0,315.0,5.0
809,100523,1,small triangle,5,-208.0,-67.0,45.0,0.0
810,100523,1,middle triangle,6,-81.0,-11.0,135.0,5.0
811,100523,1,parallelogram,7,275.0,-157.0,90.0,-1.0
812,100523,1,middle triangle,8,42.0,-34.0,180.0,7.0
813,100523,1,parallelogram,9,-1.0,-124.0,90.0,-1.0
814,100523,1,middle triangle,10,43.0,-34.0,180.0,7.0
815,100523,1,parallelogram,11,140.0,-127.0,90.0,-1.0
816,100523,1,big triangle,12,-103.0,-33.0,225.0,5.0
817,100523,1,square,13,-63.0,3.0,0.0,6.0
818,100523,1,parallelogram,14,-27.0,-71.0,135.0,2.0
819,100523,1,small triangle,15,-136.0,3.0,45.0,5.0
820,100523,2,square,1,-166.0,146.0,0.0,13.0
821,100523,2,small triangle,2,92.0,210.0,0.0,-1.0
822,100523,2,square,3,-61.0,210.0,0.0,-1.0
823,100523,2,small triangle,4,-166.0,147.0,45.0,13.0
824,100523,2,big triangle,5,-201.0,80.0,90.0,9.0
825,100523,2,small triangle,6,39.0,141.0,135.0,-1.0
826,100523,2,big triangle,7,-102.0,41.0,0.0,6.0
827,100523,2,small triangle,8,90.0,211.0,45.0,-1.0
828,100523,2,square,9,-167.0,149.0,0.0,13.0
829,100523,2,parallelogram,10,-204.0,74.0,45.0,9.0
830,100523,2,big triangle,11,-138.0,37.0,180.0,6.0
831,100523,2,middle triangle,12,-189.0,-11.0,225.0,1.0
832,100523,2,small triangle,13,-86.0,-61.0,0.0,2.0
833,100523,2,small triangle,14,-39.0,-12.0,270.0,3.0
834,100523,3,big triangle,1,-237.0,8.0,135.0,8.0
835,100523,3,big triangle,2,-159.0,41.0,90.0,9.0
836,100523,3,middle triangle,3,57.0,-101.0,225.0,3.0
837,100523,3,parallelogram,4,42.0,78.0,135.0,15.0
838,100523,3,big triangle,5,100.0,187.0,90.0,-1.0
839,100523,3,parallelogram,6,-195.0,-100.0,135.0,1.0
840,100523,3,middle triangle,7,-120.0,-66.0,180.0,6.0
841,100523,3,big triangle,8,-160.0,38.0,90.0,9.0
842,100523,3,square,9,-61.0,-12.0,45.0,6.0
843,100523,3,small triangle,10,-111.0,-58.0,0.0,6.0
844,100523,3,small triangle,11,-12.0,-61.0,0.0,7.0
845,100523,3,square,12,-59.0,-10.0,45.0,6.0
846,100523,4,small triangle,1,-65.0,246.0,0.0,15.0
847,100523,4,square,2,-65.0,208.0,0.0,15.0
848,100523,4,parallelogram,3,-191.0,90.0,90.0,9.0
849,100523,4,big triangle,4,-62.0,69.0,270.0,11.0
850,100523,4,small triangle,5,-139.0,-151.0,135.0,2.0
851,100523,4,middle triangle,6,183.0,-70.0,225.0,-1.0
852,100523,4,big triangle,7,41.0,22.0,270.0,-1.0
853,100523,4,middle triangle,8,-113.0,-62.0,225.0,6.0
854,100523,4,big triangle,9,-132.0,-41.0,45.0,6.0
855,100523,4,big triangle,10,-132.0,99.0,135.0,10.0
856,101450,1,big triangle,1,-100.0,39.0,0.0,9.0
857,101450,1,parallelogram,2,-137.0,-32.0,135.0,5.0
858,101450,1,small triangle,3,-206.0,-69.0,45.0,0.0
859,101450,1,small triangle,4,-134.0,-69.0,225.0,1.0
860,101450,1,square,5,9.0,-69.0,0.0,2.0
861,101450,1,middle triangle,6,80.0,5.0,45.0,7.0
862,101450,1,big triangle,7,-101.0,-32.0,45.0,5.0
863,101450,1,square,8,4.0,-68.0,0.0,2.0
864,101450,1,small triangle,9,77.0,-69.0,315.0,3.0
865,101450,1,small triangle,10,-65.0,-69.0,225.0,2.0
866,101450,1,small triangle,11,79.0,-71.0,315.0,3.0
867,101450,1,parallelogram,12,-85.0,-149.0,90.0,-1.0
868,101450,1,big triangle,13,-100.0,-32.0,135.0,5.0
869,101450,1,middle triangle,14,-123.0,-12.0,315.0,5.0
870,101450,1,small triangle,15,-210.0,-68.0,45.0,0.0
908,101450,2,big triangle,1,-137.0,-60.0,0.0,2.0
909,101450,2,big triangle,2,-100.0,40.0,0.0,6.0
910,101450,2,square,3,-167.0,146.0,0.0,13.0
911,101450,2,parallelogram,4,-202.0,77.0,45.0,9.0
912,101450,2,middle triangle,5,-188.0,-13.0,315.0,1.0
913,101450,2,small triangle,6,-39.0,-9.0,270.0,7.0
914,101450,2,small triangle,7,-86.0,37.0,180.0,6.0
915,101450,3,parallelogram,1,-122.0,-100.0,45.0,2.0
916,101450,3,middle triangle,2,-194.0,-64.0,180.0,5.0
917,101450,3,big triangle,3,-233.0,9.0,135.0,8.0
918,101450,3,big triangle,4,-91.0,69.0,225.0,10.0
919,101450,3,square,5,-127.0,-30.0,0.0,6.0
920,101450,3,big triangle,6,-235.0,10.0,135.0,8.0
921,101450,3,big triangle,7,-91.0,75.0,225.0,14.0
922,101450,3,small triangle,8,-12.0,-60.0,0.0,7.0
923,101450,3,parallelogram,9,-18.0,-121.0,45.0,3.0
924,101450,3,big triangle,10,-281.0,66.0,135.0,8.0
925,101450,3,big triangle,11,-28.0,103.0,225.0,15.0
926,101450,3,square,12,-101.0,-22.0,0.0,6.0
927,101450,3,middle triangle,13,-240.0,-104.0,225.0,0.0
928,101450,3,square,14,-46.0,-19.0,0.0,6.0
929,101450,3,middle triangle,15,-112.0,-10.0,225.0,6.0
955,101450,4,small triangle,1,-140.0,-154.0,135.0,2.0
956,101450,4,big triangle,2,105.0,228.0,180.0,-1.0
957,101450,4,big triangle,3,-104.0,26.0,270.0,6.0
958,101450,4,parallelogram,4,-190.0,89.0,90.0,9.0
959,101450,4,square,5,-67.0,206.0,0.0,15.0
960,101450,4,small triangle,6,-65.0,243.0,0.0,15.0
961,101450,4,big triangle,7,173.0,-20.0,270.0,-1.0
962,101450,4,middle triangle,8,-132.0,28.0,270.0,6.0
963,101450,4,big triangle,9,-61.0,71.0,270.0,11.0
964,101450,4,middle triangle,10,94.0,89.0,270.0,-1.0
965,101450,4,square,11,-265.0,0.0,45.0,4.0
966,101450,4,parallelogram,12,-129.0,-8.0,135.0,6.0
967,101450,4,square,13,-97.0,-79.0,0.0,2.0
968,101450,4,parallelogram,14,-2.0,-55.0,135.0,7.0
969,101450,4,big triangle,15,-183.0,9.0,90.0,5.0
991,102644,1,big triangle,1,-100.0,40.0,0.0,9.0
992,102644,1,square,2,-321.0,72.0,0.0,-1.0
993,102644,1,parallelogram,3,74.0,198.0,90.0,-1.0
994,102644,1,big triangle,4,-102.0,-32.0,45.0,5.0
995,102644,1,middle triangle,5,43.0,-35.0,180.0,7.0
996,102644,1,small triangle,6,4.0,-68.0,225.0,2.0
997,102644,1,parallelogram,7,307.0,-42.0,135.0,-1.0
998,102644,1,square,8,-139.0,2.0,0.0,5.0
999,102644,1,middle triangle,9,-171.0,-32.0,180.0,4.0
1000,102644,1,small triangle,10,-63.0,5.0,315.0,6.0
1001,102644,1,parallelogram,11,46.0,-69.0,45.0,3.0
1002,102644,1,small triangle,12,5.0,-69.0,315.0,2.0
1003,102644,2,square,1,-161.0,140.0,0.0,13.0
1004,102644,2,big triangle,2,-104.0,42.0,0.0,6.0
1005,102644,2,parallelogram,3,-201.0,78.0,45.0,9.0
1006,102644,2,big triangle,4,-137.0,38.0,180.0,6.0
1007,102644,2,small triangle,5,-240.0,-9.0,90.0,4.0
1008,102644,2,small triangle,6,-194.0,-59.0,0.0,1.0
1009,102644,2,middle triangle,7,-87.0,-9.0,135.0,6.0
1010,102644,2,small triangle,8,-190.0,-60.0,0.0,1.0
1011,102644,3,big triangle,1,-236.0,10.0,135.0,8.0
1012,102644,3,middle triangle,2,-119.0,-65.0,180.0,6.0
1013,102644,3,parallelogram,3,-212.0,-102.0,90.0,1.0
1014,102644,3,big triangle,4,-32.0,9.0,225.0,11.0
1015,102644,3,square,5,-128.0,-25.0,0.0,6.0
1016,102644,3,big triangle,6,-25.0,7.0,225.0,11.0
1017,102644,3,square,7,-130.0,-28.0,0.0,6.0
1018,102644,3,small triangle,8,-132.0,43.0,135.0,9.0
1019,102644,3,small triangle,9,129.0,66.0,90.0,-1.0
1020,102644,3,small triangle,10,241.0,-30.0,135.0,-1.0
1021,102644,3,middle triangle,11,74.0,-79.0,180.0,-1.0
1022,102644,3,square,12,-126.0,-25.0,0.0,6.0
1023,102644,3,big triangle,13,-20.0,9.0,225.0,11.0
1024,102644,3,square,14,359.0,14.0,0.0,-1.0
1025,102644,3,big triangle,15,-387.0,38.0,135.0,-1.0
1084,102644,4,big triangle,1,145.0,157.0,180.0,-1.0
1085,102644,4,small triangle,2,-139.0,-151.0,135.0,2.0
1086,102644,4,parallelogram,3,-192.0,91.0,90.0,9.0
1087,102644,4,big triangle,4,-131.0,100.0,135.0,10.0
1088,102644,4,big triangle,5,-132.0,-43.0,45.0,6.0
1089,102644,4,middle triangle,6,-112.0,-63.0,225.0,6.0
1090,102644,4,square,7,-74.0,201.0,45.0,14.0
1091,102644,4,small triangle,8,-64.0,245.0,0.0,15.0
1092,102912,1,big triangle,1,374.0,-6.0,270.0,-1.0
1093,102912,1,small triangle,2,263.0,-43.0,0.0,-1.0
1094,102912,1,big triangle,3,-100.0,40.0,0.0,9.0
1095,102912,1,big triangle,4,78.0,146.0,180.0,-1.0
1096,102912,1,big triangle,5,-91.0,144.0,0.0,-1.0
1097,102912,1,parallelogram,6,268.0,-159.0,90.0,-1.0
1098,102912,1,middle triangle,7,42.0,-35.0,180.0,7.0
1099,102912,1,small triangle,8,180.0,-125.0,0.0,-1.0
1100,102912,1,middle triangle,9,44.0,-31.0,180.0,7.0
1101,102912,1,big triangle,10,-55.0,-104.0,0.0,2.0
1102,102912,1,middle triangle,11,46.0,-34.0,180.0,7.0
1103,102912,1,small triangle,12,121.0,80.0,0.0,-1.0
1104,102912,1,square,13,83.0,89.0,45.0,15.0
1105,102912,1,big triangle,14,-97.0,38.0,0.0,9.0
1106,102912,1,square,15,-139.0,3.0,0.0,5.0
1170,102912,2,big triangle,1,-100.0,43.0,0.0,6.0
1171,102912,2,parallelogram,2,-201.0,76.0,45.0,9.0
1172,102912,2,big triangle,3,-131.0,-62.0,0.0,2.0
1173,102912,2,square,4,-168.0,147.0,0.0,13.0
1174,102912,2,middle triangle,5,-189.0,-11.0,315.0,1.0
1175,102912,2,big triangle,6,-137.0,-61.0,0.0,2.0
1176,102912,2,small triangle,7,66.0,-68.0,135.0,-1.0
1177,102912,2,small triangle,8,-127.0,160.0,315.0,14.0
1178,102912,2,square,9,87.0,112.0,0.0,-1.0
1179,102912,2,small triangle,10,-168.0,148.0,315.0,13.0
1180,102912,2,small triangle,11,-169.0,144.0,135.0,13.0
1181,102912,2,middle triangle,12,138.0,-70.0,315.0,-1.0
1182,102912,2,big triangle,13,-98.0,-2.0,135.0,6.0
1183,102912,2,big triangle,14,-100.0,-5.0,315.0,6.0
1184,102912,2,parallelogram,15,-9.0,148.0,45.0,-1.0
1223,102912,3,middle triangle,1,0.0,226.0,225.0,-1.0
1224,102912,3,parallelogram,2,-123.0,-100.0,45.0,2.0
1225,102912,3,middle triangle,3,-195.0,-65.0,180.0,5.0
1226,102912,3,big triangle,4,-236.0,10.0,135.0,8.0
1227,102912,3,big triangle,5,-164.0,42.0,90.0,9.0
1228,102912,3,square,6,23.0,73.0,45.0,15.0
1229,102912,3,small triangle,7,69.0,25.0,0.0,-1.0
1230,102912,3,small triangle,8,-113.0,-61.0,0.0,6.0
1231,102912,3,square,9,-62.0,-10.0,45.0,6.0
1232,102912,3,small triangle,10,-12.0,-60.0,0.0,7.0
1233,102912,4,big triangle,1,118.0,20.0,270.0,-1.0
1234,102912,4,parallelogram,2,-191.0,91.0,90.0,9.0
1235,102912,4,small triangle,3,-141.0,-153.0,135.0,1.0
1236,102912,4,big triangle,4,109.0,36.0,270.0,-1.0
1237,102912,4,middle triangle,5,44.0,-64.0,270.0,-1.0
1238,102912,4,square,6,-66.0,207.0,0.0,15.0
1239,102912,4,small triangle,7,-64.0,244.0,0.0,15.0
1240,102912,4,big triangle,8,263.0,19.0,90.0,-1.0
1241,102912,4,big triangle,9,-60.0,70.0,270.0,11.0
1242,102912,4,middle triangle,10,-114.0,-63.0,225.0,6.0
1243,102912,4,big triangle,11,-61.0,-15.0,270.0,7.0
1244,102912,4,parallelogram,12,-191.0,91.0,90.0,9.0
1245,102912,4,big triangle,13,-62.0,72.0,270.0,11.0
1246,102912,4,middle triangle,14,27.0,92.0,225.0,-1.0
1247,102912,4,square,15,-65.0,206.0,0.0,15.0
1324,102957,1,big triangle,1,-103.0,41.0,0.0,9.0
1325,102957,1,big triangle,2,-104.0,-33.0,225.0,5.0
1326,102957,1,small triangle,3,-209.0,-69.0,45.0,0.0
1327,102957,1,parallelogram,4,-100.0,3.0,135.0,5.0
1328,102957,1,middle triangle,5,46.0,-34.0,180.0,7.0
1329,102957,1,parallelogram,6,-29.0,-69.0,135.0,2.0
1330,102957,1,square,7,-66.0,2.0,0.0,6.0
1331,102957,1,small triangle,8,-138.0,3.0,45.0,5.0
1332,102957,2,square,1,-167.0,148.0,0.0,13.0
1333,102957,2,big triangle,2,-100.0,41.0,0.0,6.0
1334,102957,2,parallelogram,3,-204.0,76.0,45.0,9.0
1335,102957,2,big triangle,4,-137.0,38.0,180.0,6.0
1336,102957,2,middle triangle,5,-190.0,-10.0,225.0,5.0
1337,102957,2,small triangle,6,-85.0,-60.0,0.0,3.0
1338,102957,2,small triangle,7,-37.0,-11.0,270.0,3.0
1339,102957,3,big triangle,1,-61.0,-60.0,0.0,6.0
1340,102957,3,big triangle,2,-161.0,42.0,90.0,9.0
1341,102957,3,middle triangle,3,-236.0,-61.0,0.0,4.0
1342,102957,3,parallelogram,4,-122.0,-99.0,45.0,2.0
1343,102957,3,middle triangle,5,-306.0,47.0,0.0,8.0
1344,102957,3,square,6,-198.0,-25.0,0.0,5.0
1345,102957,3,middle triangle,7,-195.0,-65.0,180.0,5.0
1346,102957,3,small triangle,8,-273.0,-26.0,135.0,4.0
1347,102957,3,small triangle,9,-198.0,47.0,135.0,9.0
1348,102957,4,small triangle,1,-64.0,244.0,0.0,15.0
1349,102957,4,square,2,-66.0,207.0,0.0,15.0
1350,102957,4,parallelogram,3,-193.0,90.0,90.0,9.0
1351,102957,4,small triangle,4,-141.0,-152.0,135.0,1.0
1352,102957,4,big triangle,5,-132.0,-45.0,45.0,6.0
1353,102957,4,middle triangle,6,-112.0,-62.0,225.0,6.0
1354,102957,4,big triangle,7,-131.0,99.0,135.0,10.0
1355,104142,1,big triangle,1,-98.0,42.0,0.0,9.0
1356,104142,1,big triangle,2,-102.0,-32.0,315.0,5.0
1357,104142,1,small triangle,3,-209.0,-64.0,45.0,0.0
1358,104142,1,middle triangle,4,45.0,-34.0,180.0,7.0
1359,104142,1,parallelogram,5,181.0,-140.0,135.0,-1.0
1360,104142,1,square,6,73.0,36.0,45.0,11.0
1361,104142,1,big triangle,7,-101.0,-33.0,135.0,5.0
1362,104142,1,square,8,118.0,99.0,45.0,15.0
1363,104142,1,middle triangle,9,159.0,52.0,180.0,-1.0
1364,104142,1,parallelogram,10,47.0,-68.0,45.0,3.0
1365,104142,1,middle triangle,11,29.0,160.0,225.0,-1.0
1366,104142,1,small triangle,12,44.0,-10.0,315.0,7.0
1367,104142,1,square,13,-291.0,55.0,0.0,-1.0
1368,104142,1,big triangle,14,213.0,25.0,315.0,-1.0
1369,104142,1,small triangle,15,-327.0,-80.0,45.0,-1.0
1375,104142,2,small triangle,1,56.0,104.0,90.0,-1.0
1376,104142,2,square,2,-166.0,150.0,0.0,13.0
1377,104142,2,big triangle,3,-100.0,41.0,0.0,6.0
1378,104142,2,parallelogram,4,-203.0,75.0,45.0,9.0
1379,104142,2,big triangle,5,-137.0,-61.0,0.0,2.0
1380,104142,2,middle triangle,6,-189.0,-11.0,315.0,1.0
1381,104142,2,small triangle,7,-37.0,-10.0,270.0,7.0
1382,104142,2,small triangle,8,-87.0,37.0,180.0,6.0
1383,104142,3,square,1,-158.0,-100.0,0.0,1.0
1384,104142,3,small triangle,2,-86.0,-99.0,315.0,2.0
1385,104142,3,small triangle,3,-231.0,-100.0,45.0,0.0
1386,104142,3,big triangle,4,-235.0,11.0,135.0,8.0
1387,104142,3,big triangle,5,-31.0,10.0,225.0,11.0
1388,104142,3,parallelogram,6,43.0,101.0,0.0,15.0
1389,104142,3,big triangle,7,-59.0,-59.0,0.0,6.0
1390,104142,3,parallelogram,8,-130.0,5.0,45.0,10.0
1391,104142,3,middle triangle,9,34.0,-106.0,180.0,3.0
1392,104142,3,square,10,-158.0,-191.0,0.0,-1.0
1393,104142,3,small triangle,11,231.0,-23.0,315.0,-1.0
1394,104142,3,middle triangle,12,-122.0,-64.0,180.0,6.0
1395,104142,3,small triangle,13,127.0,-145.0,45.0,-1.0
1396,104142,3,parallelogram,14,-195.0,-99.0,135.0,1.0
1397,104142,3,square,15,78.0,116.0,0.0,-1.0
1402,104142,4,small triangle,1,-140.0,-152.0,135.0,2.0
1403,104142,4,small triangle,2,-65.0,244.0,0.0,15.0
1404,104142,4,square,3,-65.0,206.0,0.0,15.0
1405,104142,4,big triangle,4,-132.0,97.0,135.0,10.0
1406,104142,4,big triangle,5,-131.0,-43.0,45.0,6.0
1407,104142,4,parallelogram,6,-192.0,91.0,90.0,9.0
1408,104142,4,middle triangle,7,-112.0,-63.0,225.0,6.0
1409,104401,2,big triangle,1,-108.0,9.0,135.0,6.0
1410,104401,2,square,2,-167.0,147.0,0.0,13.0
1411,104401,2,middle triangle,3,-201.0,42.0,0.0,5.0
1412,104401,2,small triangle,4,-165.0,76.0,45.0,9.0
1413,104401,2,big triangle,5,-137.0,39.0,180.0,6.0
1414,104401,2,small triangle,6,-4.0,119.0,45.0,-1.0
1415,104401,2,middle triangle,7,-412.0,92.0,0.0,-1.0
1416,104401,2,big triangle,8,-100.0,40.0,0.0,6.0
1417,104401,2,parallelogram,9,-201.0,74.0,45.0,9.0
1418,104401,2,middle triangle,10,-84.0,-15.0,135.0,3.0
1419,104401,2,small triangle,11,-241.0,-12.0,90.0,0.0
1420,104401,2,small triangle,12,-190.0,-60.0,0.0,1.0
1421,104401,2,middle triangle,13,-89.0,-10.0,135.0,6.0
1422,104401,2,small triangle,14,-239.0,-11.0,90.0,0.0
1423,104401,3,big triangle,1,-233.0,10.0,135.0,8.0
1424,104401,3,big triangle,2,-91.0,69.0,225.0,10.0
1425,104401,3,middle triangle,3,-193.0,-63.0,180.0,5.0
1426,104401,3,parallelogram,4,-122.0,-98.0,45.0,2.0
1427,104401,3,small triangle,5,-126.0,-28.0,225.0,6.0
1428,104401,3,big triangle,6,-91.0,70.0,225.0,14.0
1429,104401,3,big triangle,7,-234.0,10.0,135.0,8.0
1430,104401,3,middle triangle,8,-195.0,-64.0,180.0,5.0
1431,104401,3,parallelogram,9,-122.0,-100.0,45.0,2.0
1432,104401,3,small triangle,10,-15.0,-59.0,0.0,7.0
1433,104401,3,small triangle,11,-47.0,-37.0,315.0,6.0
1434,104401,3,square,12,140.0,34.0,0.0,-1.0
1435,104401,3,small triangle,13,54.0,-146.0,315.0,-1.0
1436,104401,3,parallelogram,14,137.0,-79.0,90.0,-1.0
1437,104401,3,big triangle,15,-61.0,-60.0,0.0,6.0
1447,104401,4,small triangle,1,-65.0,245.0,0.0,15.0
1448,104401,4,square,2,-65.0,208.0,0.0,15.0
1449,104401,4,small triangle,3,-305.0,-42.0,90.0,-1.0
1450,104401,4,big triangle,4,-61.0,70.0,270.0,11.0
1451,104401,4,parallelogram,5,-187.0,86.0,45.0,9.0
1452,104401,4,small triangle,6,-140.0,-155.0,90.0,2.0
1453,104401,4,big triangle,7,52.0,18.0,0.0,-1.0
1454,104401,4,big triangle,8,67.0,-114.0,270.0,-1.0
1455,104401,4,middle triangle,9,-112.0,-63.0,225.0,6.0
1456,104401,4,big triangle,10,-131.0,-42.0,45.0,6.0
1457,104401,4,big triangle,11,-131.0,100.0,135.0,10.0
1458,105802,1,big triangle,1,246.0,75.0,0.0,-1.0
1459,105802,1,parallelogram,2,282.0,-77.0,90.0,-1.0
1460,105802,1,big triangle,3,-100.0,40.0,0.0,9.0
1461,105802,1,small triangle,4,-62.0,-69.0,135.0,2.0
1462,105802,1,square,5,10.0,-68.0,0.0,2.0
1463,105802,1,small triangle,6,83.0,-68.0,315.0,3.0
1464,105802,1,parallelogram,7,271.0,-134.0,90.0,-1.0
1465,105802,1,middle triangle,8,154.0,67.0,180.0,-1.0
1466,105802,1,big triangle,9,149.0,-186.0,0.0,-1.0
1467,105802,1,square,10,22.0,-167.0,0.0,-1.0
1468,105802,1,small triangle,11,-207.0,-69.0,45.0,0.0
1469,105802,1,big triangle,12,-102.0,-32.0,315.0,5.0
1470,105802,1,big triangle,13,-100.0,40.0,0.0,9.0
1471,105802,1,parallelogram,14,282.0,-126.0,45.0,-1.0
1472,105802,1,big triangle,15,216.0,-98.0,315.0,-1.0
1627,105802,2,small triangle,1,-166.0,148.0,45.0,13.0
1628,105802,2,small triangle,2,-167.0,145.0,225.0,13.0
1629,105802,2,big triangle,3,-139.0,38.0,180.0,6.0
1630,105802,2,small triangle,4,-49.0,192.0,45.0,15.0
1631,105802,2,small triangle,5,206.0,149.0,225.0,-1.0
1632,105802,2,big triangle,6,-101.0,40.0,0.0,6.0
1633,105802,2,parallelogram,7,-203.0,73.0,45.0,9.0
1634,105802,2,middle triangle,8,-188.0,-10.0,225.0,5.0
1635,105802,2,square,9,-167.0,147.0,0.0,13.0
1636,105802,2,small triangle,10,-39.0,-13.0,270.0,3.0
1637,105802,2,small triangle,11,-85.0,-62.0,0.0,3.0
1638,105802,3,square,1,71.0,108.0,0.0,-1.0
1639,105802,3,parallelogram,2,-123.0,-100.0,45.0,2.0
1640,105802,3,middle triangle,3,-194.0,-65.0,180.0,5.0
1641,105802,3,big triangle,4,-62.0,-60.0,0.0,6.0
1642,105802,3,big triangle,5,-163.0,41.0,90.0,9.0
1643,105802,3,square,6,-197.0,-25.0,0.0,5.0
1644,105802,3,small triangle,7,-200.0,46.0,135.0,9.0
1645,105802,3,small triangle,8,-271.0,-27.0,135.0,4.0
1646,105802,4,small triangle,1,-141.0,-153.0,135.0,1.0
1647,105802,4,parallelogram,2,66.0,-111.0,0.0,-1.0
1648,105802,4,big triangle,3,-60.0,71.0,270.0,11.0
1649,105802,4,big triangle,4,-85.0,-47.0,90.0,6.0
1650,105802,4,big triangle,5,124.0,57.0,270.0,-1.0
1651,105802,4,big triangle,6,16.0,-101.0,90.0,-1.0
1652,105802,4,parallelogram,7,-194.0,90.0,90.0,9.0
1653,105802,4,square,8,-66.0,208.0,0.0,15.0
1654,105802,4,small triangle,9,-64.0,244.0,0.0,15.0
1655,105802,4,big triangle,10,-132.0,97.0,135.0,10.0
1656,105802,4,big triangle,11,65.0,-113.0,315.0,-1.0
1657,105802,4,big triangle,12,-133.0,-43.0,45.0,6.0
1658,105802,4,middle triangle,13,-113.0,-64.0,225.0,6.0
1659,105802,4,big triangle,14,-132.0,99.0,135.0,10.0
1660,105954,1,big triangle,1,-100.0,42.0,0.0,9.0
1661,105954,1,big triangle,2,-103.0,-31.0,315.0,5.0
1662,105954,1,small triangle,3,-65.0,4.0,135.0,6.0
1663,105954,1,middle triangle,4,-99.0,-102.0,0.0,1.0
1664,105954,1,parallelogram,5,44.0,-67.0,45.0,3.0
1665,105954,1,small triangle,6,-212.0,-70.0,45.0,0.0
1666,105954,1,small triangle,7,-21.0,-61.0,135.0,2.0
1667,105954,1,middle triangle,8,-81.0,-10.0,135.0,5.0
1668,105954,1,small triangle,9,-164.0,-165.0,135.0,-1.0
1669,105954,1,middle triangle,10,-77.0,-4.0,135.0,5.0
1670,105954,1,big triangle,11,-200.0,175.0,0.0,-1.0
1671,105954,1,big triangle,12,-219.0,187.0,315.0,-1.0
1672,105954,1,middle triangle,13,51.0,164.0,0.0,-1.0
1673,105954,1,big triangle,14,-101.0,42.0,0.0,9.0
1674,105954,1,small triangle,15,-283.0,-115.0,45.0,-1.0
1688,105954,2,big triangle,1,-101.0,42.0,0.0,6.0
1689,105954,2,parallelogram,2,-202.0,74.0,45.0,9.0
1690,105954,2,square,3,-155.0,156.0,45.0,13.0
1691,105954,2,big triangle,4,-139.0,37.0,180.0,6.0
1692,105954,2,small triangle,5,-84.0,-28.0,135.0,3.0
1693,105954,2,middle triangle,6,-190.0,-13.0,225.0,1.0
1694,105954,2,small triangle,7,-78.0,-37.0,180.0,3.0
1695,105954,2,small triangle,8,-73.0,1.0,135.0,7.0
1696,105954,2,small triangle,9,-213.0,-116.0,225.0,-1.0
1697,105954,2,small triangle,10,-130.0,-103.0,135.0,-1.0
1698,105954,2,big triangle,11,-130.0,33.0,180.0,6.0
1699,105954,2,middle triangle,12,-187.0,-9.0,225.0,5.0
1700,105954,2,square,13,-55.0,-78.0,0.0,3.0
1701,105954,2,parallelogram,14,-253.0,144.0,45.0,12.0
1702,105954,2,small triangle,15,-238.0,75.0,135.0,8.0
1740,105954,3,big triangle,1,-233.0,11.0,135.0,8.0
1741,105954,3,big triangle,2,-64.0,-58.0,0.0,6.0
1742,105954,3,parallelogram,3,-136.0,13.0,0.0,9.0
1743,105954,3,small triangle,4,-161.0,89.0,90.0,13.0
1744,105954,3,small triangle,5,-111.0,39.0,90.0,10.0
1745,105954,3,middle triangle,6,-123.0,-65.0,180.0,6.0
1746,105954,3,parallelogram,7,-195.0,-103.0,135.0,1.0
1747,105954,3,square,8,-135.0,22.0,45.0,9.0
1748,105954,3,small triangle,9,-21.0,162.0,90.0,-1.0
1749,105954,3,square,10,-111.0,39.0,45.0,10.0
1750,105954,3,small triangle,11,-163.0,-10.0,90.0,5.0
1751,105954,4,big triangle,1,-61.0,72.0,270.0,11.0
1752,105954,4,big triangle,2,-263.0,19.0,225.0,4.0
1753,105954,4,big triangle,3,-130.0,41.0,45.0,6.0
1754,105954,4,big triangle,4,-239.0,-12.0,225.0,4.0
1755,105954,4,big triangle,5,-128.0,47.0,45.0,6.0
1756,105954,4,big triangle,6,-134.0,-39.0,45.0,6.0
1757,105954,4,big triangle,7,-132.0,99.0,135.0,10.0
1758,105954,4,parallelogram,8,-192.0,90.0,90.0,9.0
1759,105954,4,small triangle,9,-67.0,244.0,0.0,15.0
1760,105954,4,square,10,-66.0,205.0,0.0,15.0
1761,105954,4,small triangle,11,-141.0,-155.0,135.0,1.0
1762,105954,4,middle triangle,12,-114.0,-64.0,225.0,6.0
1763,121033,1,big triangle,1,-88.0,52.0,315.0,9.0
1764,121033,1,parallelogram,2,20.0,-55.0,90.0,6.0
1765,121033,1,big triangle,3,-88.0,49.0,0.0,9.0
1766,121033,1,parallelogram,4,36.0,165.0,90.0,-1.0
1767,121033,1,big triangle,5,-73.0,-104.0,0.0,1.0
1768,121033,1,parallelogram,6,7.0,151.0,90.0,-1.0
1769,121033,1,middle triangle,7,170.0,-36.0,225.0,-1.0
1770,121033,1,big triangle,8,-99.0,-34.0,135.0,5.0
1771,121033,1,parallelogram,9,28.0,-58.0,45.0,3.0
1772,121033,1,small triangle,10,6.0,-69.0,315.0,2.0
1773,121033,1,middle triangle,11,-171.0,-34.0,180.0,4.0
1774,121033,1,square,12,-151.0,13.0,45.0,9.0
1775,121033,1,small triangle,13,-65.0,4.0,315.0,6.0
1776,121033,2,square,1,-167.0,147.0,0.0,13.0
1777,121033,2,big triangle,2,-100.0,41.0,0.0,6.0
1778,121033,2,parallelogram,3,-200.0,77.0,45.0,9.0
1779,121033,2,middle triangle,4,-188.0,-10.0,225.0,5.0
1780,121033,2,big triangle,5,-135.0,38.0,180.0,6.0
1781,121033,2,small triangle,6,-88.0,-60.0,0.0,2.0
1782,121033,2,small triangle,7,-36.0,-12.0,270.0,3.0
1783,121033,3,big triangle,1,-91.0,69.0,225.0,10.0
1784,121033,3,parallelogram,2,69.0,114.0,135.0,-1.0
1785,121033,3,big triangle,3,-235.0,9.0,135.0,8.0
1786,121033,3,big triangle,4,-60.0,-60.0,0.0,6.0
1787,121033,3,middle triangle,5,147.0,-101.0,225.0,-1.0
1788,121033,3,parallelogram,6,-121.0,-100.0,45.0,2.0
1789,121033,3,middle triangle,7,-195.0,-65.0,180.0,5.0
1790,121033,3,small triangle,8,-161.0,90.0,90.0,13.0
1791,121033,3,square,9,-111.0,41.0,45.0,10.0
1792,121033,3,small triangle,10,-162.0,-9.0,90.0,5.0
1793,121033,3,square,11,-112.0,40.0,45.0,10.0
1794,121033,3,small triangle,12,-161.0,89.0,90.0,13.0
1795,121033,4,small triangle,1,-64.0,245.0,0.0,15.0
1796,121033,4,square,2,-66.0,207.0,0.0,15.0
1797,121033,4,big triangle,3,-25.0,69.0,180.0,11.0
1798,121033,4,parallelogram,4,-191.0,90.0,90.0,9.0
1799,121033,4,big triangle,5,-62.0,70.0,270.0,11.0
1800,121033,4,big triangle,6,-21.0,-19.0,90.0,7.0
1801,121033,4,big triangle,7,-131.0,100.0,135.0,10.0
1802,121033,4,big triangle,8,52.0,-49.0,90.0,-1.0
1803,121033,4,big triangle,9,-34.0,33.0,135.0,7.0
1804,121033,4,parallelogram,10,-259.0,-67.0,90.0,4.0
1805,121033,4,big triangle,11,-60.0,-13.0,270.0,7.0
1806,121033,4,big triangle,12,-6.0,11.0,90.0,7.0
1807,121033,4,small triangle,13,116.0,205.0,0.0,-1.0
1808,121033,4,square,14,172.0,152.0,0.0,-1.0
1809,121033,4,big triangle,15,-99.0,2.0,180.0,6.0
1827,134945,1,big triangle,1,-86.0,3.0,270.0,5.0
1828,134945,1,parallelogram,2,276.0,-75.0,90.0,-1.0
1829,134945,1,big triangle,3,-99.0,40.0,0.0,9.0
1830,134945,1,middle triangle,4,45.0,-34.0,180.0,7.0
1831,134945,1,small triangle,5,48.0,30.0,135.0,11.0
1832,134945,1,big triangle,6,-27.0,-35.0,225.0,6.0
1833,134945,1,small triangle,7,-62.0,0.0,45.0,6.0
1834,134945,1,parallelogram,8,-212.0,-170.0,90.0,-1.0
1835,134945,1,small triangle,9,-80.0,-158.0,45.0,-1.0
1836,134945,1,parallelogram,10,-172.0,-68.0,135.0,0.0
1837,134945,1,small triangle,11,-133.0,-67.0,45.0,1.0
1838,134945,1,square,12,-136.0,2.0,0.0,5.0
1839,134945,1,small triangle,13,-64.0,4.0,45.0,6.0
1840,134945,1,big triangle,14,-29.0,-33.0,225.0,6.0
1841,134945,2,square,1,-5.0,207.0,45.0,-1.0
1842,134945,2,middle triangle,2,63.0,-90.0,225.0,-1.0
1843,134945,2,parallelogram,3,-76.0,65.0,90.0,11.0
1844,134945,2,small triangle,4,-101.0,91.0,0.0,10.0
1845,134945,2,small triangle,5,-237.0,75.0,135.0,8.0
1846,134945,2,small triangle,6,62.0,71.0,0.0,-1.0
1847,134945,2,parallelogram,7,141.0,9.0,90.0,-1.0
1848,134945,2,big triangle,8,-101.0,37.0,180.0,6.0
1849,134945,2,big triangle,9,-242.0,-80.0,0.0,0.0
1850,134945,2,small triangle,10,-323.0,155.0,135.0,-1.0
1851,134945,2,big triangle,11,-134.0,-61.0,0.0,2.0
1852,134945,2,big triangle,12,-173.0,40.0,0.0,5.0
1853,134945,2,parallelogram,13,132.0,-2.0,90.0,-1.0
1854,134945,2,middle triangle,14,-187.0,-9.0,315.0,5.0
1855,134945,2,big triangle,15,-139.0,-61.0,0.0,2.0
1864,134945,3,big triangle,1,-235.0,9.0,135.0,8.0
1865,134945,3,parallelogram,2,-122.0,-99.0,45.0,2.0
1866,134945,3,middle triangle,3,-194.0,-63.0,180.0,5.0
1867,134945,3,big triangle,4,-92.0,70.0,225.0,14.0
1868,134945,3,square,5,-85.0,-26.0,0.0,6.0
1869,134945,3,big triangle,6,-89.0,79.0,225.0,14.0
1870,134945,3,square,7,105.0,-110.0,0.0,-1.0
1871,134945,3,parallelogram,8,-30.0,-180.0,90.0,-1.0
1872,134945,3,square,9,-130.0,-27.0,0.0,6.0
1873,134945,3,big triangle,10,89.0,132.0,225.0,-1.0
1874,134945,3,middle triangle,11,223.0,-163.0,180.0,-1.0
1875,134945,3,square,12,-157.0,-102.0,0.0,1.0
1876,134945,3,small triangle,13,-87.0,-100.0,315.0,2.0
1877,134945,3,square,14,-158.0,-100.0,0.0,1.0
1878,134945,3,small triangle,15,-229.0,-100.0,45.0,0.0
2096,134945,4,parallelogram,1,-176.0,84.0,90.0,9.0
2097,134945,4,big triangle,2,-61.0,70.0,270.0,11.0
2098,134945,4,big triangle,3,-192.0,-57.0,225.0,5.0
2099,134945,4,big triangle,4,-102.0,30.0,270.0,6.0
2100,134945,4,parallelogram,5,-293.0,139.0,90.0,-1.0
2101,134945,4,big triangle,6,83.0,60.0,270.0,-1.0
2102,134945,4,big triangle,7,-131.0,-45.0,45.0,6.0
2103,134945,4,big triangle,8,-133.0,98.0,135.0,10.0
2104,134945,4,parallelogram,9,-195.0,90.0,90.0,9.0
2105,134945,4,middle triangle,10,-113.0,-64.0,225.0,6.0
2106,134945,4,small triangle,11,-64.0,244.0,0.0,15.0
2107,134945,4,square,12,-64.0,208.0,0.0,15.0
2108,134945,4,small triangle,13,-141.0,-154.0,135.0,1.0
2109,135838,1,middle triangle,1,70.0,150.0,225.0,-1.0
2110,135838,1,parallelogram,2,10.0,102.0,90.0,14.0
2111,135838,1,middle triangle,3,-122.0,-53.0,135.0,5.0
2112,135838,1,big triangle,4,-104.0,-35.0,225.0,5.0
2113,135838,1,middle triangle,5,-309.0,171.0,135.0,-1.0
2114,135838,1,big triangle,6,-101.0,-36.0,45.0,5.0
2115,135838,1,parallelogram,7,106.0,127.0,90.0,15.0
2116,135838,1,square,8,5.0,-68.0,0.0,2.0
2117,135838,1,big triangle,9,-100.0,40.0,0.0,9.0
2118,135838,1,parallelogram,10,-105.0,2.0,135.0,5.0
2119,135838,1,small triangle,11,144.0,-64.0,0.0,-1.0
2120,135838,1,square,12,138.0,151.0,0.0,-1.0
2121,135838,1,parallelogram,13,-31.0,-69.0,135.0,2.0
2122,135838,1,square,14,-67.0,1.0,0.0,6.0
2123,135838,1,middle triangle,15,43.0,-35.0,180.0,7.0
2126,135838,2,square,1,-166.0,149.0,0.0,13.0
2127,135838,2,middle triangle,2,-190.0,-10.0,225.0,5.0
2128,135838,2,big triangle,3,-99.0,41.0,0.0,6.0
2129,135838,2,big triangle,4,-131.0,35.0,180.0,6.0
2130,135838,2,parallelogram,5,-210.0,73.0,45.0,9.0
2131,135838,2,small triangle,6,116.0,55.0,225.0,-1.0
2132,135838,2,big triangle,7,83.0,129.0,0.0,-1.0
2133,135838,2,big triangle,8,-98.0,41.0,0.0,6.0
2134,135838,2,small triangle,9,-105.0,-27.0,225.0,2.0
2135,135838,2,big triangle,10,-109.0,-38.0,0.0,2.0
2136,135838,2,middle triangle,11,178.0,-85.0,225.0,-1.0
2137,135838,2,small triangle,12,142.0,60.0,225.0,-1.0
2138,135838,2,big triangle,13,227.0,-15.0,0.0,-1.0
2139,135838,2,parallelogram,14,78.0,-40.0,45.0,-1.0
2140,135838,2,big triangle,15,49.0,43.0,0.0,-1.0
2151,135838,3,big triangle,1,-237.0,10.0,135.0,8.0
2152,135838,3,parallelogram,2,-123.0,-100.0,45.0,2.0
2153,135838,3,middle triangle,3,-195.0,-64.0,180.0,5.0
2154,135838,3,big triangle,4,-32.0,10.0,225.0,11.0
2155,135838,3,square,5,-131.0,-27.0,0.0,5.0
2156,135838,3,small triangle,6,-131.0,42.0,135.0,9.0
2157,135838,3,small triangle,7,123.0,80.0,90.0,-1.0
2158,135838,3,middle triangle,8,-163.0,76.0,90.0,13.0
2159,135838,3,parallelogram,9,366.0,-84.0,45.0,-1.0
2160,135838,3,big triangle,10,-265.0,266.0,135.0,-1.0
2161,135838,3,square,11,-5.0,120.0,0.0,15.0
2162,135838,3,middle triangle,12,-142.0,165.0,90.0,-1.0
2163,135838,3,square,13,-201.0,-27.0,0.0,5.0
2164,135838,3,small triangle,14,-199.0,43.0,135.0,9.0
2165,135838,3,small triangle,15,-272.0,-25.0,135.0,4.0
2173,135838,4,square,1,-66.0,206.0,0.0,15.0
2174,135838,4,small triangle,2,93.0,53.0,90.0,-1.0
2175,135838,4,small triangle,3,-65.0,247.0,0.0,15.0
2176,135838,4,small triangle,4,-141.0,-154.0,135.0,1.0
2177,135838,4,parallelogram,5,-185.0,94.0,90.0,9.0
2178,135838,4,big triangle,6,-62.0,68.0,270.0,11.0
2179,135838,4,big triangle,7,-57.0,-13.0,270.0,7.0
2180,135838,4,big triangle,8,248.0,56.0,270.0,-1.0
2181,135838,4,big triangle,9,14.0,-3.0,90.0,-1.0
2182,135838,4,parallelogram,10,159.0,177.0,90.0,-1.0
2183,135838,4,big triangle,11,-24.0,18.0,90.0,7.0
2184,135838,4,middle triangle,12,-110.0,-61.0,225.0,6.0
2185,135838,4,big triangle,13,-131.0,96.0,135.0,10.0
2186,135838,4,big triangle,14,-134.0,-40.0,45.0,6.0
2187,135838,4,parallelogram,15,-185.0,96.0,90.0,9.0
2188,140907,1,big triangle,1,-82.0,86.0,180.0,13.0
2189,140907,1,parallelogram,2,280.0,-76.0,0.0,-1.0
2190,140907,1,big triangle,3,-100.0,40.0,0.0,9.0
2191,140907,1,big triangle,4,-101.0,-31.0,315.0,5.0
2192,140907,1,small triangle,5,-209.0,-68.0,45.0,0.0
2193,140907,1,big triangle,6,-104.0,-33.0,315.0,5.0
2194,140907,1,parallelogram,7,140.0,-95.0,90.0,-1.0
2195,140907,1,square,8,5.0,-69.0,0.0,2.0
2196,140907,1,small triangle,9,79.0,-70.0,315.0,3.0
2197,140907,1,parallelogram,10,-66.0,-31.0,45.0,6.0
2198,140907,1,middle triangle,11,-36.0,-143.0,225.0,-1.0
2199,140907,1,square,12,7.0,-68.0,0.0,2.0
2200,140907,1,parallelogram,13,-105.0,-67.0,45.0,1.0
2201,140907,1,middle triangle,14,68.0,-150.0,315.0,-1.0
2202,140907,1,parallelogram,15,-99.0,-79.0,90.0,1.0
2303,140907,2,square,1,-166.0,147.0,0.0,13.0
2304,140907,2,big triangle,2,-103.0,44.0,0.0,6.0
2305,140907,2,middle triangle,3,-90.0,-10.0,45.0,6.0
2306,140907,2,parallelogram,4,-204.0,75.0,45.0,9.0
2307,140907,2,big triangle,5,-135.0,-58.0,0.0,2.0
2308,140907,2,small triangle,6,-187.0,39.0,180.0,5.0
2309,140907,2,small triangle,7,-235.0,-15.0,90.0,0.0
2310,140907,2,big triangle,8,-139.0,-64.0,0.0,2.0
2311,140907,2,small triangle,9,-239.0,-12.0,90.0,0.0
2312,140907,2,middle triangle,10,-88.0,-12.0,45.0,2.0
2313,140907,3,big triangle,1,-235.0,9.0,135.0,8.0
2314,140907,3,parallelogram,2,-34.0,-37.0,90.0,7.0
2315,140907,3,square,3,-125.0,27.0,0.0,10.0
2316,140907,3,big triangle,4,-145.0,-132.0,0.0,1.0
2317,140907,3,parallelogram,5,85.0,-43.0,90.0,-1.0
2318,140907,3,square,6,131.0,20.0,0.0,-1.0
2319,140907,3,big triangle,7,-33.0,11.0,225.0,11.0
2320,140907,3,square,8,34.0,-26.0,0.0,7.0
2321,140907,3,parallelogram,9,-130.0,-89.0,90.0,2.0
2322,140907,3,big triangle,10,-94.0,73.0,225.0,14.0
2323,140907,3,square,11,56.0,63.0,0.0,11.0
2324,140907,3,big triangle,12,-92.0,71.0,225.0,14.0
2325,140907,3,small triangle,13,-229.0,-99.0,45.0,0.0
2326,140907,3,parallelogram,14,31.0,-65.0,90.0,7.0
2327,140907,3,square,15,-158.0,-100.0,0.0,1.0
2399,140907,4,small triangle,1,-137.0,-150.0,135.0,2.0
2400,140907,4,small triangle,2,-65.0,246.0,0.0,15.0
2401,140907,4,square,3,-69.0,207.0,0.0,15.0
2402,140907,4,parallelogram,4,-195.0,90.0,90.0,9.0
2403,140907,4,big triangle,5,-133.0,97.0,135.0,10.0
2404,140907,4,middle triangle,6,-112.0,-62.0,225.0,6.0
2405,140907,4,big triangle,7,-132.0,-43.0,45.0,6.0
2406,144255,1,parallelogram,1,46.0,-68.0,45.0,3.0
2407,144255,1,middle triangle,2,-169.0,-35.0,180.0,4.0
2408,144255,1,big triangle,3,-99.0,40.0,0.0,9.0
2409,144255,1,square,4,-139.0,3.0,0.0,5.0
2410,144255,1,small triangle,5,136.0,26.0,90.0,-1.0
2411,144255,1,big triangle,6,201.0,120.0,225.0,-1.0
2412,144255,1,square,7,159.0,-118.0,0.0,-1.0
2413,144255,1,middle triangle,8,272.0,-88.0,180.0,-1.0
2414,144255,1,big triangle,9,-101.0,-35.0,225.0,5.0
2415,144255,1,middle triangle,10,82.0,123.0,180.0,15.0
2416,144255,1,small triangle,11,-209.0,-69.0,45.0,0.0
2417,144255,1,middle triangle,12,-31.0,-35.0,180.0,6.0
2418,144255,1,square,13,-61.0,2.0,0.0,6.0
2419,144255,1,small triangle,14,-134.0,2.0,45.0,5.0
2420,144255,2,big triangle,1,-104.0,43.0,0.0,6.0
2421,144255,2,square,2,-166.0,149.0,0.0,13.0
2422,144255,2,parallelogram,3,-204.0,76.0,45.0,9.0
2423,144255,2,big triangle,4,64.0,-100.0,225.0,-1.0
2424,144255,2,parallelogram,5,68.0,186.0,45.0,-1.0
2425,144255,2,square,6,-63.0,218.0,0.0,-1.0
2426,144255,2,big triangle,7,-175.0,40.0,0.0,5.0
2427,144255,2,big triangle,8,-140.0,-62.0,0.0,2.0
2428,144255,2,middle triangle,9,87.0,-97.0,315.0,-1.0
2429,144255,2,big triangle,10,-100.0,40.0,0.0,6.0
2430,144255,2,middle triangle,11,-88.0,-11.0,45.0,2.0
2431,144255,2,parallelogram,12,-201.0,75.0,45.0,9.0
2432,144255,2,square,13,-166.0,147.0,0.0,13.0
2433,144255,2,small triangle,14,-238.0,-11.0,90.0,0.0
2434,144255,2,small triangle,15,-189.0,39.0,180.0,5.0
2435,144255,3,big triangle,1,-62.0,-60.0,0.0,6.0
2436,144255,3,small triangle,2,-88.0,-100.0,315.0,2.0
2437,144255,3,big triangle,3,-235.0,12.0,135.0,8.0
2438,144255,3,parallelogram,4,-139.0,14.0,0.0,9.0
2439,144255,3,middle triangle,5,-191.0,-63.0,180.0,5.0
2440,144255,3,parallelogram,6,13.0,177.0,0.0,-1.0
2441,144255,3,small triangle,7,-162.0,92.0,90.0,13.0
2442,144255,3,small triangle,8,-161.0,-9.0,90.0,5.0
2443,144255,3,square,9,-112.0,41.0,45.0,10.0
2444,144255,3,parallelogram,10,-123.0,-100.0,45.0,2.0
2445,144255,3,middle triangle,11,-195.0,-65.0,180.0,5.0
2446,144255,4,parallelogram,1,-195.0,89.0,90.0,9.0
2447,144255,4,big triangle,2,-61.0,72.0,270.0,11.0
2448,144255,4,square,3,-65.0,206.0,0.0,15.0
2449,144255,4,small triangle,4,-64.0,244.0,0.0,15.0
2450,144255,4,big triangle,5,-123.0,-44.0,135.0,6.0
2451,144255,4,parallelogram,6,141.0,131.0,90.0,-1.0
2452,144255,4,small triangle,7,-140.0,-152.0,135.0,2.0
2453,144255,4,big triangle,8,-61.0,70.0,270.0,11.0
2454,144255,4,middle triangle,9,-112.0,-65.0,225.0,6.0
2455,144255,4,big triangle,10,-60.0,-12.0,270.0,7.0
2456,144255,4,parallelogram,11,-192.0,90.0,90.0,9.0
2457,144255,4,big triangle,12,180.0,-33.0,270.0,-1.0
2458,144255,4,big triangle,13,67.0,109.0,270.0,-1.0
2459,144255,4,parallelogram,14,-267.0,162.0,90.0,8.0
2460,144255,4,small triangle,15,-219.0,65.0,0.0,8.0
2476,145927,1,big triangle,1,-99.0,41.0,0.0,9.0
2477,145927,1,big triangle,2,-70.0,-102.0,0.0,2.0
2478,145927,1,square,3,-137.0,6.0,0.0,5.0
2479,145927,1,big triangle,4,-201.0,-182.0,0.0,-1.0
2480,145927,1,small triangle,5,176.0,50.0,90.0,-1.0
2481,145927,1,parallelogram,6,-31.0,-80.0,90.0,2.0
2482,145927,1,middle triangle,7,45.0,-33.0,180.0,7.0
2483,145927,1,big triangle,8,72.0,123.0,0.0,15.0
2484,145927,1,small triangle,9,-208.0,-70.0,45.0,0.0
2485,145927,1,parallelogram,10,205.0,47.0,90.0,-1.0
2486,145927,1,square,11,-114.0,180.0,0.0,-1.0
2487,145927,1,big triangle,12,-72.0,-103.0,0.0,1.0
2488,145927,1,middle triangle,13,44.0,-34.0,180.0,7.0
2489,145927,1,big triangle,14,-100.0,-34.0,135.0,5.0
2490,145927,1,small triangle,15,7.0,-70.0,225.0,2.0
2504,145927,2,square,1,-172.0,136.0,0.0,13.0
2505,145927,2,big triangle,2,-135.0,-64.0,0.0,2.0
2506,145927,2,big triangle,3,-100.0,41.0,0.0,6.0
2507,145927,2,parallelogram,4,-210.0,67.0,45.0,9.0
2508,145927,2,small triangle,5,118.0,32.0,90.0,-1.0
2509,145927,2,middle triangle,6,-88.0,-11.0,45.0,2.0
2510,145927,2,small triangle,7,-239.0,-11.0,90.0,0.0
2511,145927,2,small triangle,8,-185.0,37.0,180.0,5.0
2512,145927,2,small triangle,9,-237.0,-12.0,90.0,0.0
2513,145927,3,big triangle,1,-234.0,12.0,135.0,8.0
2514,145927,3,big triangle,2,124.0,94.0,270.0,-1.0
2515,145927,3,parallelogram,3,-120.0,-101.0,45.0,2.0
2516,145927,3,middle triangle,4,-196.0,-67.0,180.0,5.0
2517,145927,3,big triangle,5,-92.0,10.0,225.0,10.0
2518,145927,3,small triangle,6,-123.0,103.0,225.0,14.0
2519,145927,3,square,7,-405.0,49.0,45.0,-1.0
2520,145927,3,small triangle,8,-127.0,107.0,225.0,14.0
2521,145927,3,parallelogram,9,78.0,107.0,45.0,-1.0
2522,145927,3,middle triangle,10,83.0,44.0,180.0,-1.0
2523,145927,3,big triangle,11,-143.0,4.0,90.0,9.0
2524,145927,3,small triangle,12,50.0,145.0,225.0,-1.0
2525,145927,3,big triangle,13,-161.0,39.0,90.0,9.0
2526,145927,3,middle triangle,14,-195.0,-67.0,180.0,5.0
2527,145927,3,parallelogram,15,-122.0,-101.0,45.0,2.0
2532,145927,4,square,1,-66.0,206.0,0.0,15.0
2533,145927,4,small triangle,2,-66.0,245.0,0.0,15.0
2534,145927,4,parallelogram,3,-193.0,90.0,90.0,9.0
2535,145927,4,small triangle,4,-141.0,-152.0,135.0,1.0
2536,145927,4,big triangle,5,-134.0,97.0,135.0,10.0
2537,145927,4,big triangle,6,-131.0,-42.0,45.0,6.0
2538,145927,4,middle triangle,7,-114.0,-62.0,225.0,6.0
2539,145957,1,big triangle,1,-99.0,42.0,0.0,9.0
2540,145957,1,parallelogram,2,283.0,-89.0,90.0,-1.0
2541,145957,1,small triangle,3,-208.0,-68.0,45.0,0.0
2542,145957,1,big triangle,4,-102.0,-33.0,315.0,5.0
2543,145957,1,middle triangle,5,44.0,-34.0,180.0,7.0
2544,145957,1,parallelogram,6,-100.0,-69.0,45.0,1.0
2545,145957,1,small triangle,7,-64.0,3.0,135.0,6.0
2546,145957,1,middle triangle,8,193.0,-110.0,0.0,-1.0
2547,145957,1,parallelogram,9,43.0,-70.0,45.0,3.0
2548,145957,1,middle triangle,10,93.0,123.0,180.0,15.0
2549,145957,1,big triangle,11,-287.0,88.0,315.0,-1.0
2550,145957,1,square,12,-137.0,4.0,0.0,5.0
2551,145957,1,small triangle,13,-68.0,3.0,315.0,6.0
2552,145957,1,middle triangle,14,-175.0,-33.0,180.0,4.0
2553,145957,1,big triangle,15,164.0,39.0,45.0,-1.0
2614,145957,2,big triangle,1,-138.0,-61.0,0.0,2.0
2615,145957,2,big triangle,2,28.0,130.0,45.0,-1.0
2616,145957,2,big triangle,3,-169.0,8.0,135.0,5.0
2617,145957,2,big triangle,4,61.0,220.0,90.0,-1.0
2618,145957,2,big triangle,5,-101.0,40.0,0.0,6.0
2619,145957,2,big triangle,6,-137.0,37.0,180.0,6.0
2620,145957,2,middle triangle,7,-188.0,-11.0,225.0,1.0
2621,145957,2,parallelogram,8,-202.0,75.0,45.0,9.0
2622,145957,2,square,9,-166.0,147.0,0.0,13.0
2623,145957,2,small triangle,10,-38.0,-12.0,270.0,3.0
2624,145957,2,small triangle,11,-87.0,-60.0,0.0,2.0
2625,145957,3,big triangle,1,-60.0,-60.0,0.0,6.0
2626,145957,3,big triangle,2,-161.0,41.0,90.0,9.0
2627,145957,3,parallelogram,3,-233.0,-24.0,45.0,4.0
2628,145957,3,small triangle,4,181.0,-165.0,135.0,-1.0
2629,145957,3,square,5,-200.0,-25.0,0.0,5.0
2630,145957,3,parallelogram,6,-323.0,67.0,45.0,-1.0
2631,145957,3,small triangle,7,-271.0,-25.0,135.0,4.0
2632,145957,3,small triangle,8,-199.0,48.0,135.0,9.0
2633,145957,3,parallelogram,9,-122.0,-100.0,45.0,2.0
2634,145957,3,middle triangle,10,-194.0,-64.0,180.0,5.0
2635,145957,4,big triangle,1,148.0,135.0,45.0,-1.0
2636,145957,4,big triangle,2,-61.0,70.0,270.0,11.0
2637,145957,4,big triangle,3,-12.0,59.0,90.0,11.0
2638,145957,4,big triangle,4,-132.0,45.0,45.0,6.0
2639,145957,4,big triangle,5,33.0,58.0,90.0,-1.0
2640,145957,4,big triangle,6,-132.0,-42.0,45.0,6.0
2641,145957,4,big triangle,7,-132.0,100.0,135.0,10.0
2642,145957,4,square,8,-65.0,207.0,0.0,15.0
2643,145957,4,small triangle,9,-65.0,245.0,0.0,15.0
2644,145957,4,small triangle,10,-139.0,-152.0,135.0,2.0
2645,145957,4,middle triangle,11,-113.0,-64.0,225.0,6.0
2646,145957,4,parallelogram,12,-193.0,90.0,90.0,9.0
2647,150809,1,big triangle,1,-44.0,67.0,225.0,10.0
2648,150809,1,parallelogram,2,56.0,90.0,90.0,15.0
2649,150809,1,big triangle,3,-92.0,43.0,0.0,9.0
2650,150809,1,parallelogram,4,41.0,-68.0,45.0,3.0
2651,150809,1,middle triangle,5,-171.0,-39.0,180.0,4.0
2652,150809,1,square,6,-134.0,1.0,0.0,5.0
2653,150809,1,big triangle,7,-61.0,-102.0,0.0,2.0
2654,150809,1,parallelogram,8,53.0,102.0,45.0,15.0
2655,150809,1,big triangle,9,-37.0,-21.0,180.0,6.0
2656,150809,1,middle triangle,10,151.0,-121.0,180.0,-1.0
2657,150809,1,square,11,205.0,42.0,0.0,-1.0
2658,150809,1,big triangle,12,-103.0,-35.0,315.0,5.0
2659,150809,1,small triangle,13,-208.0,-66.0,45.0,0.0
2660,150809,1,big triangle,14,-102.0,-33.0,315.0,5.0
2661,150809,1,parallelogram,15,-101.0,-70.0,45.0,1.0
2714,150809,2,square,1,-165.0,150.0,0.0,13.0
2715,150809,2,big triangle,2,-101.0,39.0,0.0,6.0
2716,150809,2,parallelogram,3,-204.0,75.0,45.0,9.0
2717,150809,2,big triangle,4,-142.0,-62.0,0.0,2.0
2718,150809,2,middle triangle,5,-190.0,-9.0,315.0,5.0
2719,150809,2,small triangle,6,-88.0,37.0,180.0,6.0
2720,150809,2,small triangle,7,-41.0,-14.0,270.0,3.0
2721,150809,3,big triangle,1,-236.0,11.0,135.0,8.0
2722,150809,3,big triangle,2,-32.0,11.0,225.0,11.0
2723,150809,3,small triangle,3,100.0,146.0,135.0,-1.0
2724,150809,3,big triangle,4,-31.0,10.0,225.0,11.0
2725,150809,3,small triangle,5,-134.0,-25.0,135.0,5.0
2726,150809,3,parallelogram,6,12.0,136.0,0.0,15.0
2727,150809,3,big triangle,7,-322.0,113.0,135.0,-1.0
2728,150809,3,big triangle,8,-93.0,69.0,225.0,10.0
2729,150809,3,parallelogram,9,-37.0,-33.0,90.0,6.0
2730,150809,3,big triangle,10,-89.0,65.0,225.0,10.0
2731,150809,3,small triangle,11,1.0,152.0,135.0,-1.0
2732,150809,3,square,12,-157.0,-101.0,0.0,1.0
2733,150809,3,small triangle,13,-83.0,-100.0,315.0,2.0
2734,150809,3,parallelogram,14,-40.0,-141.0,45.0,-1.0
2735,150809,3,square,15,-155.0,-100.0,0.0,1.0
2779,150809,4,square,1,-65.0,207.0,0.0,15.0
2780,150809,4,small triangle,2,-64.0,244.0,0.0,15.0
2781,150809,4,big triangle,3,-62.0,68.0,270.0,11.0
2782,150809,4,parallelogram,4,-192.0,90.0,90.0,9.0
2783,150809,4,big triangle,5,43.0,-46.0,90.0,-1.0
2784,150809,4,big triangle,6,-61.0,69.0,270.0,11.0
2785,150809,4,parallelogram,7,-296.0,118.0,90.0,-1.0
2786,150809,4,big triangle,8,-131.0,101.0,135.0,10.0
2787,150809,4,big triangle,9,20.0,-35.0,135.0,-1.0
2788,150809,4,big triangle,10,-131.0,43.0,45.0,6.0
2789,150809,4,big triangle,11,82.0,6.0,225.0,-1.0
2790,150809,4,big triangle,12,-131.0,98.0,135.0,10.0
2791,150809,4,big triangle,13,-131.0,-43.0,45.0,6.0
2792,150809,4,parallelogram,14,-191.0,93.0,90.0,9.0
2793,150809,4,middle triangle,15,-110.0,-63.0,225.0,6.0
2795,152652,1,big triangle,1,-98.0,48.0,180.0,9.0
2796,152652,1,parallelogram,2,281.0,-72.0,90.0,-1.0
2797,152652,1,small triangle,3,-138.0,3.0,315.0,5.0
2798,152652,1,square,4,-65.0,4.0,0.0,6.0
2799,152652,1,small triangle,5,-134.0,4.0,135.0,5.0
2800,152652,1,middle triangle,6,-173.0,-33.0,180.0,4.0
2801,152652,1,small triangle,7,-136.0,4.0,135.0,5.0
2802,152652,1,big triangle,8,95.0,65.0,180.0,11.0
2803,152652,1,square,9,11.0,-65.0,0.0,2.0
2804,152652,1,big triangle,10,-102.0,-33.0,135.0,5.0
2805,152652,1,small triangle,11,-65.0,2.0,315.0,6.0
2806,152652,1,small triangle,12,52.0,-58.0,135.0,3.0
2807,152652,1,square,13,-137.0,4.0,0.0,5.0
2808,152652,1,small triangle,14,50.0,29.0,135.0,11.0
2809,152652,1,parallelogram,15,43.0,-59.0,0.0,3.0
2841,152652,2,big triangle,1,52.0,127.0,270.0,-1.0
2842,152652,2,middle triangle,2,85.0,-69.0,0.0,-1.0
2843,152652,2,parallelogram,3,-197.0,66.0,90.0,9.0
2844,152652,2,small triangle,4,145.0,148.0,0.0,-1.0
2845,152652,2,parallelogram,5,-313.0,140.0,90.0,-1.0
2846,152652,2,middle triangle,6,-203.0,40.0,0.0,5.0
2847,152652,2,square,7,121.0,-46.0,45.0,-1.0
2848,152652,2,big triangle,8,-100.0,41.0,0.0,6.0
2849,152652,2,middle triangle,9,4.0,168.0,0.0,-1.0
2850,152652,2,parallelogram,10,-203.0,76.0,45.0,9.0
2851,152652,2,square,11,-167.0,148.0,0.0,13.0
2852,152652,2,big triangle,12,-138.0,-60.0,0.0,2.0
2853,152652,2,middle triangle,13,-88.0,-10.0,45.0,6.0
2854,152652,2,small triangle,14,55.0,14.0,0.0,-1.0
2855,152652,2,small triangle,15,-238.0,-10.0,90.0,4.0
2857,152652,3,big triangle,1,-10.0,199.0,180.0,-1.0
2858,152652,3,big triangle,2,-236.0,11.0,135.0,8.0
2859,152652,3,middle triangle,3,-112.0,-12.0,225.0,6.0
2860,152652,3,parallelogram,4,-37.0,-34.0,90.0,6.0
2861,152652,3,big triangle,5,-91.0,70.0,225.0,14.0
2862,152652,3,parallelogram,6,-37.0,-35.0,90.0,6.0
2863,152652,3,middle triangle,7,48.0,57.0,315.0,11.0
2864,152652,3,parallelogram,8,-37.0,-35.0,90.0,6.0
2865,152652,3,big triangle,9,-29.0,199.0,225.0,-1.0
2866,152652,3,small triangle,10,52.0,-17.0,0.0,7.0
2867,152652,3,middle triangle,11,24.0,59.0,0.0,11.0
2868,152652,3,small triangle,12,80.0,-6.0,0.0,-1.0
2869,152652,3,big triangle,13,-236.0,10.0,135.0,8.0
2870,152652,3,small triangle,14,-161.0,90.0,90.0,13.0
2871,152652,3,square,15,-111.0,41.0,45.0,10.0
2899,152652,4,small triangle,1,-64.0,244.0,0.0,15.0
2900,152652,4,parallelogram,2,-193.0,90.0,90.0,9.0
2901,152652,4,big triangle,3,-58.0,72.0,270.0,11.0
2902,152652,4,square,4,44.0,31.0,45.0,-1.0
2903,152652,4,small triangle,5,-141.0,-152.0,135.0,1.0
2904,152652,4,big triangle,6,-48.0,-109.0,45.0,3.0
2905,152652,4,big triangle,7,118.0,118.0,270.0,-1.0
2906,152652,4,square,8,7.0,61.0,45.0,-1.0
2907,152652,4,middle triangle,9,-62.0,98.0,270.0,11.0
2908,152652,4,big triangle,10,61.0,-80.0,135.0,-1.0
2909,152652,4,middle triangle,11,215.0,128.0,270.0,-1.0
2910,152652,4,big triangle,12,-131.0,99.0,135.0,10.0
2911,152652,4,big triangle,13,8.0,-55.0,135.0,-1.0
2912,152652,4,middle triangle,14,-131.0,28.0,180.0,6.0
2913,152652,4,square,15,-66.0,207.0,0.0,15.0
2920,160833,1,big triangle,1,-147.0,77.0,225.0,13.0
2921,160833,1,parallelogram,2,227.0,-166.0,135.0,-1.0
2922,160833,1,big triangle,3,-99.0,41.0,0.0,9.0
2923,160833,1,big triangle,4,-101.0,-32.0,45.0,5.0
2924,160833,1,parallelogram,5,44.0,-68.0,45.0,3.0
2925,160833,1,middle triangle,6,33.0,143.0,180.0,-1.0
2926,160833,1,big triangle,7,-102.0,-35.0,225.0,5.0
2927,160833,1,square,8,-66.0,4.0,0.0,6.0
2928,160833,1,middle triangle,9,-28.0,-35.0,180.0,6.0
2929,160833,1,square,10,-63.0,5.0,0.0,6.0
2930,160833,1,middle triangle,11,-29.0,-35.0,180.0,6.0
2931,160833,1,small triangle,12,-135.0,2.0,45.0,5.0
2932,160833,1,small triangle,13,-208.0,-68.0,45.0,0.0
2933,160833,2,square,1,-165.0,141.0,0.0,13.0
2934,160833,2,parallelogram,2,-202.0,76.0,45.0,9.0
2935,160833,2,big triangle,3,-100.0,40.0,0.0,6.0
2936,160833,2,big triangle,4,-139.0,-62.0,0.0,2.0
2937,160833,2,middle triangle,5,-203.0,0.0,225.0,5.0
2938,160833,2,small triangle,6,-87.0,38.0,180.0,6.0
2939,160833,2,small triangle,7,-28.0,-4.0,225.0,7.0
2940,160833,3,square,1,-160.0,-99.0,0.0,1.0
2941,160833,3,small triangle,2,-86.0,-99.0,315.0,2.0
2942,160833,3,small triangle,3,-231.0,-97.0,45.0,0.0
2943,160833,3,big triangle,4,-235.0,12.0,135.0,8.0
2944,160833,3,big triangle,5,-93.0,73.0,225.0,14.0
2945,160833,3,parallelogram,6,-86.0,-21.0,45.0,6.0
2946,160833,3,small triangle,7,42.0,4.0,45.0,11.0
2947,160833,3,square,8,54.0,-109.0,0.0,3.0
2948,160833,3,parallelogram,9,-186.0,-91.0,90.0,1.0
2949,160833,3,small triangle,10,-11.0,-179.0,315.0,-1.0
2950,160833,3,parallelogram,11,-122.0,-99.0,45.0,2.0
2951,160833,3,middle triangle,12,-196.0,-63.0,180.0,5.0
2952,160833,3,square,13,-129.0,-28.0,0.0,6.0
2953,160833,3,big triangle,14,-233.0,10.0,135.0,8.0
2954,160833,3,big triangle,15,-92.0,70.0,225.0,14.0
3010,160833,4,square,1,-67.0,208.0,0.0,15.0
3011,160833,4,small triangle,2,-140.0,-152.0,135.0,2.0
3012,160833,4,small triangle,3,-64.0,244.0,0.0,15.0
3013,160833,4,middle triangle,4,-31.0,30.0,270.0,7.0
3014,160833,4,parallelogram,5,-209.0,89.0,90.0,9.0
3015,160833,4,middle triangle,6,80.0,26.0,270.0,-1.0
3016,160833,4,big triangle,7,135.0,90.0,270.0,-1.0
3017,160833,4,big triangle,8,-61.0,69.0,270.0,11.0
3018,160833,4,parallelogram,9,136.0,-90.0,135.0,-1.0
3019,160833,4,big triangle,10,74.0,-81.0,270.0,-1.0
3020,160833,4,square,11,-152.0,28.0,45.0,5.0
3021,160833,4,big triangle,12,25.0,61.0,270.0,-1.0
3022,160833,4,square,13,26.0,-97.0,45.0,-1.0
3023,160833,4,small triangle,14,-66.0,245.0,0.0,15.0
3024,160833,4,square,15,-64.0,208.0,0.0,15.0
3037,161807,1,big triangle,1,95.0,125.0,270.0,15.0
3038,161807,1,square,2,117.0,-18.0,0.0,7.0
3039,161807,1,parallelogram,3,100.0,-146.0,90.0,-1.0
3040,161807,1,big triangle,4,87.0,129.0,270.0,15.0
3041,161807,1,parallelogram,5,89.0,-156.0,90.0,-1.0
3042,161807,1,big triangle,6,-99.0,40.0,0.0,9.0
3043,161807,1,square,7,275.0,-80.0,0.0,-1.0
3044,161807,1,big triangle,8,-101.0,-34.0,315.0,5.0
3045,161807,1,small triangle,9,-209.0,-69.0,45.0,0.0
3046,161807,1,big triangle,10,-102.0,-33.0,315.0,5.0
3047,161807,1,middle triangle,11,-53.0,-148.0,225.0,-1.0
3048,161807,1,parallelogram,12,-100.0,-69.0,45.0,1.0
3049,161807,1,middle triangle,13,114.0,-140.0,225.0,-1.0
3050,161807,1,parallelogram,14,44.0,-70.0,45.0,3.0
3051,161807,1,middle triangle,15,-98.0,-104.0,0.0,1.0
3057,161807,2,middle triangle,1,13.0,-154.0,225.0,-1.0
3058,161807,2,big triangle,2,-99.0,41.0,0.0,6.0
3059,161807,2,parallelogram,3,113.0,-111.0,90.0,-1.0
3060,161807,2,big triangle,4,-137.0,38.0,180.0,6.0
3061,161807,2,middle triangle,5,-187.0,-13.0,225.0,1.0
3062,161807,2,parallelogram,6,-205.0,73.0,45.0,9.0
3063,161807,2,square,7,-166.0,147.0,0.0,13.0
3064,161807,2,small triangle,8,-88.0,-62.0,0.0,2.0
3065,161807,2,small triangle,9,-37.0,-12.0,270.0,3.0
3066,161807,3,big triangle,1,-234.0,10.0,135.0,8.0
3067,161807,3,middle triangle,2,131.0,-96.0,225.0,-1.0
3068,161807,3,parallelogram,3,12.0,-175.0,90.0,-1.0
3069,161807,3,big triangle,4,-92.0,70.0,225.0,14.0
3070,161807,3,square,5,-156.0,-99.0,0.0,1.0
3071,161807,3,small triangle,6,-230.0,-101.0,45.0,0.0
3072,161807,3,small triangle,7,-87.0,-100.0,315.0,2.0
3073,161807,3,square,8,-157.0,-99.0,0.0,1.0
3074,161807,3,small triangle,9,-229.0,-100.0,45.0,0.0
3075,161807,3,big triangle,10,-33.0,11.0,225.0,11.0
3076,161807,3,middle triangle,11,-161.0,71.0,90.0,13.0
3077,161807,3,big triangle,12,269.0,0.0,225.0,-1.0
3078,161807,3,big triangle,13,79.0,54.0,135.0,-1.0
3079,161807,3,middle triangle,14,-48.0,89.0,90.0,14.0
3080,161807,3,square,15,75.0,-122.0,0.0,-1.0
3095,161807,4,parallelogram,1,-192.0,90.0,90.0,9.0
3096,161807,4,big triangle,2,-60.0,70.0,270.0,11.0
3097,161807,4,big triangle,3,68.0,-74.0,225.0,-1.0
3098,161807,4,big triangle,4,96.0,113.0,270.0,-1.0
3099,161807,4,parallelogram,5,-245.0,171.0,90.0,8.0
3100,161807,4,big triangle,6,-104.0,27.0,270.0,6.0
3101,161807,4,big triangle,7,-63.0,-12.0,270.0,7.0
3102,161807,4,big triangle,8,-62.0,71.0,270.0,11.0
3103,161807,4,big triangle,9,-162.0,-17.0,90.0,5.0
3104,161807,4,big triangle,10,-61.0,77.0,270.0,11.0
3105,161807,4,big triangle,11,-162.0,-21.0,90.0,5.0
3106,161807,4,parallelogram,12,-194.0,90.0,90.0,9.0
3107,161807,4,square,13,-66.0,206.0,0.0,15.0
3108,161807,4,small triangle,14,-162.0,29.0,270.0,5.0
3109,161807,4,small triangle,15,-64.0,244.0,0.0,15.0
3123,163516,1,big triangle,1,-76.0,116.0,180.0,13.0
3124,163516,1,parallelogram,2,17.0,-64.0,0.0,2.0
3125,163516,1,big triangle,3,-96.0,46.0,0.0,9.0
3126,163516,1,parallelogram,4,-31.0,-13.0,0.0,6.0
3127,163516,1,small triangle,5,-201.0,-68.0,45.0,0.0
3128,163516,1,small triangle,6,80.0,-60.0,315.0,3.0
3129,163516,1,parallelogram,7,-66.0,-30.0,45.0,6.0
3130,163516,1,big triangle,8,-62.0,-102.0,0.0,2.0
3131,163516,1,small triangle,9,66.0,45.0,45.0,11.0
3132,163516,1,middle triangle,10,-163.0,-36.0,180.0,5.0
3133,163516,1,parallelogram,11,-98.0,-6.0,135.0,5.0
3134,163516,1,big triangle,12,-63.0,-192.0,0.0,-1.0
3135,163516,1,middle triangle,13,-268.0,-60.0,180.0,-1.0
3136,163516,1,small triangle,14,229.0,-155.0,315.0,-1.0
3137,163516,1,parallelogram,15,-101.0,4.0,135.0,5.0
3155,163516,2,square,1,-166.0,150.0,0.0,13.0
3156,163516,2,big triangle,2,-102.0,42.0,0.0,6.0
3157,163516,2,parallelogram,3,-200.0,76.0,45.0,9.0
3158,163516,2,big triangle,4,-137.0,36.0,180.0,6.0
3159,163516,2,middle triangle,5,-190.0,-13.0,225.0,1.0
3160,163516,2,small triangle,6,-44.0,-14.0,270.0,3.0
3161,163516,2,small triangle,7,-87.0,-60.0,0.0,2.0
3162,163516,3,big triangle,1,66.0,149.0,270.0,-1.0
3163,163516,3,parallelogram,2,-118.0,-98.0,45.0,2.0
3164,163516,3,big triangle,3,-226.0,74.0,225.0,12.0
3165,163516,3,big triangle,4,39.0,130.0,270.0,15.0
3166,163516,3,big triangle,5,-160.0,37.0,90.0,9.0
3167,163516,3,big triangle,6,-53.0,-53.0,0.0,6.0
3168,163516,3,square,7,-196.0,-28.0,0.0,5.0
3169,163516,3,small triangle,8,-270.0,-24.0,135.0,4.0
3170,163516,3,small triangle,9,-201.0,45.0,135.0,9.0
3171,163516,3,middle triangle,10,-193.0,-65.0,180.0,5.0
3172,163516,4,big triangle,1,68.0,42.0,270.0,-1.0
3173,163516,4,small triangle,2,-65.0,243.0,0.0,15.0
3174,163516,4,square,3,-66.0,210.0,0.0,15.0
3175,163516,4,big triangle,4,86.0,59.0,270.0,-1.0
3176,163516,4,small triangle,5,-141.0,-152.0,135.0,1.0
3177,163516,4,big triangle,6,-114.0,44.0,180.0,6.0
3178,163516,4,parallelogram,7,-195.0,96.0,90.0,9.0
3179,163516,4,big triangle,8,39.0,71.0,225.0,-1.0
3180,163516,4,parallelogram,9,-191.0,89.0,90.0,9.0
3181,163516,4,big triangle,10,196.0,80.0,270.0,-1.0
3182,163516,4,big triangle,11,-62.0,69.0,270.0,11.0
3183,163516,4,square,12,-62.0,208.0,0.0,15.0
3184,163516,4,small triangle,13,-62.0,244.0,0.0,15.0
3185,163516,4,parallelogram,14,-190.0,92.0,90.0,9.0
3186,163516,4,middle triangle,15,175.0,-47.0,225.0,-1.0
3191,165854,1,big triangle,1,80.0,173.0,0.0,-1.0
3192,165854,1,parallelogram,2,277.0,-151.0,90.0,-1.0
3193,165854,1,big triangle,3,314.0,40.0,270.0,-1.0
3194,165854,1,big triangle,4,-100.0,42.0,0.0,9.0
3195,165854,1,small triangle,5,-64.0,3.0,45.0,6.0
3196,165854,1,parallelogram,6,-103.0,5.0,135.0,5.0
3197,165854,1,small triangle,7,-258.0,60.0,225.0,8.0
3198,165854,1,parallelogram,8,71.0,106.0,135.0,15.0
3199,165854,1,big triangle,9,-101.0,-30.0,315.0,5.0
3200,165854,1,small triangle,10,88.0,27.0,45.0,11.0
3201,165854,1,big triangle,11,-104.0,-32.0,315.0,5.0
3202,165854,1,small triangle,12,-210.0,-66.0,45.0,0.0
3203,165854,1,middle triangle,13,-104.0,-104.0,0.0,1.0
3204,165854,1,square,14,7.0,-70.0,0.0,2.0
3205,165854,1,middle triangle,15,201.0,-69.0,90.0,-1.0
3335,165854,2,big triangle,1,-102.0,41.0,0.0,6.0
3336,165854,2,parallelogram,2,-203.0,75.0,45.0,9.0
3337,165854,2,square,3,-166.0,147.0,0.0,13.0
3338,165854,2,big triangle,4,-139.0,-59.0,0.0,2.0
3339,165854,2,small triangle,5,-37.0,-12.0,270.0,3.0
3340,165854,2,small triangle,6,-88.0,38.0,180.0,6.0
3341,165854,2,middle triangle,7,-190.0,-10.0,315.0,5.0
3342,165854,2,big triangle,8,-140.0,-60.0,0.0,2.0
3343,165854,3,square,1,-160.0,-100.0,0.0,1.0
3344,165854,3,small triangle,2,-90.0,-102.0,315.0,2.0
3345,165854,3,middle triangle,3,51.0,-142.0,225.0,-1.0
3346,165854,3,big triangle,4,-60.0,-61.0,0.0,6.0
3347,165854,3,parallelogram,5,-138.0,13.0,0.0,9.0
3348,165854,3,square,6,80.0,-103.0,0.0,-1.0
3349,165854,3,small triangle,7,174.0,-102.0,315.0,-1.0
3350,165854,3,big triangle,8,-236.0,8.0,135.0,8.0
3351,165854,3,parallelogram,9,107.0,128.0,135.0,-1.0
3352,165854,3,square,10,92.0,-76.0,0.0,-1.0
3353,165854,3,parallelogram,11,-121.0,-99.0,45.0,2.0
3354,165854,3,middle triangle,12,-195.0,-65.0,180.0,5.0
3355,165854,3,square,13,-112.0,40.0,45.0,10.0
3356,165854,3,small triangle,14,-161.0,90.0,90.0,13.0
3357,165854,3,small triangle,15,-163.0,-10.0,90.0,5.0
3358,165854,4,square,1,-65.0,207.0,0.0,15.0
3359,165854,4,small triangle,2,-64.0,245.0,0.0,15.0
3360,165854,4,parallelogram,3,-191.0,91.0,90.0,9.0
3361,165854,4,big triangle,4,-61.0,68.0,270.0,11.0
3362,165854,4,big triangle,5,50.0,-54.0,0.0,-1.0
3363,165854,4,big triangle,6,187.0,113.0,270.0,-1.0
3364,165854,4,big triangle,7,-130.0,100.0,135.0,10.0
3365,165854,4,small triangle,8,-153.0,27.0,180.0,5.0
3366,165854,4,middle triangle,9,-109.0,-64.0,225.0,6.0
3367,165854,4,big triangle,10,-131.0,101.0,135.0,10.0
3368,165854,4,big triangle,11,300.0,38.0,270.0,-1.0
3369,165854,4,big triangle,12,103.0,114.0,135.0,-1.0
3370,165854,4,small triangle,13,-140.0,-151.0,135.0,2.0
3371,165854,4,big triangle,14,-132.0,-42.0,45.0,6.0
3372,165854,4,big triangle,15,-131.0,99.0,135.0,10.0
3373,165958,1,big triangle,1,-92.0,-2.0,0.0,5.0
3374,165958,1,parallelogram,2,-26.0,-76.0,90.0,2.0
3375,165958,1,big triangle,3,-99.0,40.0,0.0,9.0
3376,165958,1,parallelogram,4,7.0,-96.0,90.0,2.0
3377,165958,1,big triangle,5,95.0,-129.0,180.0,-1.0
3378,165958,1,middle triangle,6,-173.0,-33.0,180.0,4.0
3379,165958,1,parallelogram,7,127.0,-77.0,90.0,-1.0
3380,165958,1,square,8,-137.0,2.0,0.0,5.0
3381,165958,1,parallelogram,9,21.0,-71.0,90.0,2.0
3382,165958,1,small triangle,10,-64.0,3.0,45.0,6.0
3383,165958,1,parallelogram,11,126.0,-10.0,135.0,-1.0
3384,165958,1,big triangle,12,-71.0,-105.0,0.0,1.0
3385,165958,1,small triangle,13,68.0,-86.0,45.0,3.0
3386,165958,1,middle triangle,14,11.0,-100.0,180.0,2.0
3387,165958,1,small triangle,15,-63.0,3.0,45.0,6.0
3397,165958,2,big triangle,1,-100.0,41.0,0.0,6.0
3398,165958,2,big triangle,2,-137.0,38.0,180.0,6.0
3399,165958,2,middle triangle,3,-189.0,-11.0,225.0,1.0
3400,165958,2,parallelogram,4,-203.0,74.0,45.0,9.0
3401,165958,2,square,5,-167.0,147.0,0.0,13.0
3402,165958,2,small triangle,6,-38.0,-14.0,270.0,3.0
3403,165958,2,small triangle,7,-86.0,-61.0,0.0,2.0
3404,165958,3,big triangle,1,-235.0,10.0,135.0,8.0
3405,165958,3,big triangle,2,-33.0,11.0,225.0,11.0
3406,165958,3,middle triangle,3,-121.0,-65.0,180.0,6.0
3407,165958,3,parallelogram,4,-194.0,-100.0,135.0,1.0
3408,165958,3,square,5,52.0,-93.0,0.0,3.0
3409,165958,3,big triangle,6,-91.0,71.0,225.0,14.0
3410,165958,3,square,7,87.0,-89.0,0.0,-1.0
3411,165958,3,middle triangle,8,-36.0,-114.0,180.0,2.0
3412,165958,3,parallelogram,9,110.0,-174.0,135.0,-1.0
3413,165958,3,square,10,-159.0,-99.0,0.0,1.0
3414,165958,3,middle triangle,11,52.0,-20.0,180.0,7.0
3415,165958,3,big triangle,12,-91.0,10.0,225.0,10.0
3416,165958,3,middle triangle,13,46.0,113.0,225.0,15.0
3417,165958,3,big triangle,14,-30.0,10.0,225.0,11.0
3418,165958,3,middle triangle,15,15.0,101.0,90.0,15.0
3452,165958,4,small triangle,1,-65.0,245.0,0.0,15.0
3453,165958,4,square,2,-73.0,207.0,0.0,14.0
3454,165958,4,parallelogram,3,-190.0,92.0,90.0,9.0
3455,165958,4,big triangle,4,-61.0,72.0,270.0,11.0
3456,165958,4,big triangle,5,102.0,62.0,225.0,-1.0
3457,165958,4,big triangle,6,-132.0,100.0,135.0,10.0
3458,165958,4,big triangle,7,-131.0,-43.0,45.0,6.0
3459,165958,4,middle triangle,8,-111.0,-60.0,225.0,6.0
3460,165958,4,small triangle,9,-149.0,-149.0,135.0,1.0
3461,170249,1,big triangle,1,-64.0,82.0,180.0,14.0
3462,170249,1,parallelogram,2,-28.0,-60.0,90.0,2.0
3463,170249,1,big triangle,3,-100.0,42.0,0.0,9.0
3464,170249,1,parallelogram,4,46.0,-68.0,45.0,3.0
3465,170249,1,square,5,104.0,102.0,0.0,15.0
3466,170249,1,big triangle,6,-73.0,-105.0,0.0,1.0
3467,170249,1,parallelogram,7,108.0,-182.0,45.0,-1.0
3468,170249,1,big triangle,8,-13.0,-40.0,180.0,6.0
3469,170249,1,big triangle,9,-79.0,21.0,0.0,9.0
3470,170249,1,big triangle,10,-16.0,146.0,180.0,-1.0
3471,170249,1,big triangle,11,144.0,114.0,0.0,-1.0
3472,170249,1,square,12,-137.0,-69.0,0.0,1.0
3473,170249,1,parallelogram,13,106.0,-149.0,90.0,-1.0
3474,170249,1,square,14,255.0,94.0,0.0,-1.0
3475,170249,1,big triangle,15,-101.0,42.0,0.0,9.0
3559,170249,2,small triangle,1,49.0,183.0,90.0,-1.0
3560,170249,2,small triangle,2,111.0,126.0,0.0,-1.0
3561,170249,2,big triangle,3,182.0,102.0,180.0,-1.0
3562,170249,2,square,4,218.0,-204.0,45.0,-1.0
3563,170249,2,parallelogram,5,314.0,-195.0,90.0,-1.0
3564,170249,2,middle triangle,6,132.0,-60.0,225.0,-1.0
3565,170249,2,big triangle,7,335.0,-39.0,270.0,-1.0
3566,170249,2,square,8,-165.0,148.0,0.0,13.0
3567,170249,2,parallelogram,9,-201.0,77.0,45.0,9.0
3568,170249,2,big triangle,10,-101.0,40.0,0.0,6.0
3569,170249,2,big triangle,11,-140.0,-61.0,0.0,2.0
3570,170249,2,middle triangle,12,-87.0,-12.0,45.0,2.0
3571,170249,2,small triangle,13,-238.0,-9.0,90.0,4.0
3572,170249,2,small triangle,14,-188.0,39.0,180.0,5.0
3573,170249,3,square,1,70.0,137.0,45.0,-1.0
3574,170249,3,small triangle,2,103.0,-169.0,0.0,-1.0
3575,170249,3,small triangle,3,52.0,-115.0,90.0,3.0
3576,170249,3,small triangle,4,108.0,-184.0,0.0,-1.0
3577,170249,3,small triangle,5,58.0,-128.0,90.0,3.0
3578,170249,3,big triangle,6,252.0,173.0,180.0,-1.0
3579,170249,3,big triangle,7,367.0,48.0,270.0,-1.0
3580,170249,3,parallelogram,8,300.0,-147.0,90.0,-1.0
3581,170249,3,middle triangle,9,155.0,-18.0,225.0,-1.0
3582,170249,3,square,10,-160.0,-96.0,0.0,1.0
3583,170249,3,parallelogram,11,-233.0,-24.0,45.0,4.0
3584,170249,3,square,12,-195.0,-189.0,0.0,-1.0
3585,170249,3,middle triangle,13,147.0,-23.0,45.0,-1.0
3586,170249,3,parallelogram,14,-121.0,-100.0,45.0,2.0
3587,170249,3,middle triangle,15,-194.0,-65.0,180.0,5.0
3608,170249,4,small triangle,1,103.0,137.0,90.0,-1.0
3609,170249,4,small triangle,2,162.0,178.0,0.0,-1.0
3610,170249,4,square,3,63.0,-30.0,45.0,-1.0
3611,170249,4,big triangle,4,252.0,111.0,180.0,-1.0
3612,170249,4,parallelogram,5,317.0,-190.0,90.0,-1.0
3613,170249,4,middle triangle,6,139.0,-194.0,225.0,-1.0
3614,170249,4,big triangle,7,235.0,35.0,180.0,-1.0
3615,170249,4,big triangle,8,373.0,-66.0,270.0,-1.0
3616,170249,4,square,9,73.0,-15.0,45.0,-1.0
3617,170249,4,middle triangle,10,149.0,-149.0,225.0,-1.0
3618,170249,4,small triangle,11,-140.0,-151.0,135.0,2.0
3619,170249,4,parallelogram,12,-177.0,83.0,90.0,9.0
3620,170249,4,small triangle,13,-140.0,-151.0,135.0,2.0
3621,170249,4,small triangle,14,-60.0,235.0,0.0,15.0
3622,170249,4,square,15,-67.0,206.0,0.0,15.0
3650,171623,1,big triangle,1,120.0,170.0,180.0,-1.0
3651,171623,1,parallelogram,2,264.0,-183.0,90.0,-1.0
3652,171623,1,small triangle,3,133.0,66.0,180.0,-1.0
3653,171623,1,small triangle,4,287.0,-114.0,180.0,-1.0
3654,171623,1,big triangle,5,-101.0,41.0,0.0,9.0
3655,171623,1,middle triangle,6,288.0,-39.0,45.0,-1.0
3656,171623,1,square,7,7.0,-68.0,0.0,2.0
3657,171623,1,small triangle,8,79.0,-69.0,315.0,3.0
3658,171623,1,parallelogram,9,-65.0,-33.0,135.0,6.0
3659,171623,1,small triangle,10,-64.0,4.0,45.0,6.0
3660,171623,1,parallelogram,11,118.0,29.0,135.0,11.0
3661,171623,1,big triangle,12,-126.0,-67.0,45.0,1.0
3662,171623,1,small triangle,13,-175.0,-146.0,45.0,-1.0
3663,171623,1,big triangle,14,-100.0,-33.0,45.0,5.0
3664,171623,1,parallelogram,15,-8.0,-131.0,135.0,-1.0
3718,171623,2,square,1,-167.0,148.0,0.0,13.0
3719,171623,2,middle triangle,2,-203.0,41.0,0.0,5.0
3720,171623,2,big triangle,3,-99.0,43.0,0.0,6.0
3721,171623,2,middle triangle,4,44.0,-137.0,0.0,-1.0
3722,171623,2,parallelogram,5,-203.0,75.0,45.0,9.0
3723,171623,2,big triangle,6,-134.0,37.0,180.0,6.0
3724,171623,2,middle triangle,7,-86.0,-11.0,135.0,2.0
3725,171623,2,small triangle,8,-239.0,-12.0,90.0,0.0
3726,171623,2,small triangle,9,-188.0,-62.0,0.0,1.0
3727,171623,3,big triangle,1,-29.0,8.0,225.0,11.0
3728,171623,3,parallelogram,2,75.0,-126.0,90.0,-1.0
3729,171623,3,big triangle,3,32.0,114.0,225.0,15.0
3730,171623,3,big triangle,4,-234.0,10.0,135.0,8.0
3731,171623,3,square,5,-158.0,-99.0,0.0,1.0
3732,171623,3,small triangle,6,-229.0,-100.0,45.0,0.0
3733,171623,3,small triangle,7,-85.0,-98.0,315.0,2.0
3734,171623,3,big triangle,8,-93.0,4.0,225.0,10.0
3735,171623,3,parallelogram,9,-129.0,73.0,135.0,14.0
3736,171623,3,big triangle,10,77.0,80.0,225.0,-1.0
3737,171623,3,small triangle,11,-19.0,-150.0,45.0,-1.0
3738,171623,3,square,12,104.0,-113.0,0.0,-1.0
3739,171623,3,small triangle,13,100.0,-90.0,315.0,-1.0
3740,171623,3,parallelogram,14,301.0,6.0,135.0,-1.0
3741,171623,3,middle triangle,15,206.0,-113.0,135.0,-1.0
3758,171623,4,square,1,-66.0,208.0,0.0,15.0
3759,171623,4,small triangle,2,-65.0,244.0,0.0,15.0
3760,171623,4,big triangle,3,-62.0,71.0,270.0,11.0
3761,171623,4,big triangle,4,-160.0,-12.0,90.0,5.0
3762,171623,4,big triangle,5,-61.0,71.0,270.0,11.0
3763,171623,4,big triangle,6,81.0,-80.0,270.0,-1.0
3764,171623,4,big triangle,7,-162.0,-16.0,90.0,5.0
3765,171623,4,big triangle,8,-59.0,77.0,270.0,11.0
3766,171623,4,big triangle,9,-161.0,-19.0,90.0,5.0
3767,171623,4,parallelogram,10,-195.0,92.0,90.0,9.0
3768,171623,4,middle triangle,11,-108.0,-67.0,135.0,6.0
3769,171623,4,small triangle,12,242.0,-94.0,0.0,-1.0
3770,171623,4,parallelogram,13,30.0,93.0,90.0,-1.0
3771,171623,4,middle triangle,14,47.0,-79.0,135.0,-1.0
3772,171623,4,big triangle,15,61.0,37.0,270.0,-1.0
